0.0,-0.19907580136044656
5e-14,-0.195001120716473
1e-13,-0.16981026608745792
1.5000000000000002e-13,-0.12551395293878848
2e-13,-0.06665829072231157
2.5e-13,0.00020721525201172465
3.0000000000000003e-13,0.0673659269385992
3.5e-13,0.1269626846108375
4e-13,0.17208015043518385
4.5e-13,0.1977060669639844
5e-13,0.20144550762077834
5.5e-13,0.18386540947638028
6.000000000000001e-13,0.14841004689923834
6.500000000000001e-13,0.10088857999378699
7e-13,0.04860041162219603
7.5e-13,-0.0007788324948946407
8e-13,-0.0403872115559103
8.5e-13,-0.0652612811889595
9e-13,-0.07314407632764072
9.5e-13,-0.06488023718783338
1e-12,-0.044320142518217226
1.05e-12,-0.01772723835768717
1.1e-12,0.007240731652064294
1.15e-12,0.02283647907457623
1.2000000000000001e-12,0.022622228907007696
1.2500000000000001e-12,0.0027462556851873187
1.3000000000000001e-12,-0.03711362744793701
1.3500000000000001e-12,-0.09331177232671822
1.4e-12,-0.15840735354598645
1.45e-12,-0.22196772844153684
1.5e-12,-0.2719282493044303
1.55e-12,-0.29634566156735814
1.6e-12,-0.28531221475648744
1.65e-12,-0.23275739077808008
1.7e-12,-0.137861143836839
1.75e-12,-0.0058391999781720145
1.8e-12,0.15206580755750362
1.85e-12,0.3194522203411963
1.9e-12,0.47643440570362416
1.95e-12,0.6019566683335468
2e-12,0.6764777617859252
2.05e-12,0.6846890098936322
2.1e-12,0.6179025981553291
2.15e-12,0.47576814376336835
2.2e-12,0.26704458454680596
2.25e-12,0.009263633716668693
2.3e-12,-0.2727423417243477
2.35e-12,-0.5493282349613571
2.4000000000000003e-12,-0.7892820185512128
2.4500000000000003e-12,-0.963459971488051
2.5000000000000003e-12,-1.048375373672109
2.5500000000000002e-12,-1.0292909318890935
2.6000000000000002e-12,-0.902408783556879
2.6500000000000002e-12,-0.6758491711248806
2.7000000000000002e-12,-0.36924892303665086
2.75e-12,-0.011976944652368265
2.8e-12,0.35986459446428837
2.85e-12,0.707329616024125
2.9e-12,0.9929658070511773
2.95e-12,1.1850924409328119
3e-12,1.2615061932565423
3.05e-12,1.2121624411895955
3.1e-12,1.0404963204375894
3.15e-12,0.7632078598537965
3.2e-12,0.4085192363641042
3.25e-12,0.013096777109895655
3.3e-12,-0.38200734861322677
3.35e-12,-0.735919223359718
3.4e-12,-1.012476837689533
3.45e-12,-1.1842011243228374
3.5e-12,-1.2352414982800033
3.55e-12,-1.1629588728463918
3.6e-12,-0.9779755975377064
3.65e-12,-0.702707880420891
3.7e-12,-0.36857863162046095
3.75e-12,-0.012264543965182824
3.8e-12,0.32855859474529897
3.85e-12,0.6194570992088987
3.9e-12,0.8329650603745629
3.95e-12,0.9513674728835552
4e-12,0.9682400518644135
4.05e-12,0.8886055684222014
4.1e-12,0.7277404521201409
4.15e-12,0.5088303269508598
4.2e-12,0.2598083390060125
4.25e-12,0.009799137550972841
4.3e-12,-0.21437594867699983
4.35e-12,-0.3912032529746217
4.4e-12,-0.506641434845461
4.45e-12,-0.5552192269081407
4.5e-12,-0.5399857199882536
4.55e-12,-0.47138417785930053
4.6e-12,-0.36525676642020033
4.65e-12,-0.24029141217040925
4.7e-12,-0.11528066154953256
4.75e-12,-0.006569651969508891
4.8000000000000005e-12,0.0739730819935216
4.8500000000000005e-12,0.12021472150001511
4.9000000000000005e-12,0.13211642469778082
4.9500000000000005e-12,0.11518969626628675
5.0000000000000005e-12,0.07917477598153644
5.0500000000000005e-12,0.03616827082782546
5.1000000000000005e-12,-0.001504493773506892
5.1500000000000005e-12,-0.023352001822745574
5.2000000000000005e-12,-0.022414060427668452
5.2500000000000004e-12,0.0036438197849772915
5.3000000000000004e-12,0.05218397312566811
5.3500000000000004e-12,0.11603177120157275
5.4000000000000004e-12,0.18461321276018358
5.4500000000000004e-12,0.24561655351386089
5.5e-12,0.2869277892983646
5.55e-12,0.2985546030015652
5.6e-12,0.27425888188777314
5.65e-12,0.21266247602804866
5.7e-12,0.1176675253587269
5.75e-12,-0.0018698022404734689
5.8e-12,-0.13316879829525846
5.85e-12,-0.2611165430649357
5.9e-12,-0.3702063350165704
5.95e-12,-0.44655982569452085
6e-12,-0.4797611475238379
6.05e-12,-0.46425889420696786
6.1e-12,-0.4001518050987866
6.15e-12,-0.2932576568943684
6.2e-12,-0.15446043138919746
6.25e-12,0.0015747532819079548
6.3e-12,0.15814875631701308
6.35e-12,0.2985107794353801
6.4e-12,0.40782355858353586
6.45e-12,0.47486682243297895
6.5e-12,0.4932738008039452
6.55e-12,0.4621602407796295
6.6e-12,0.38608608823680385
6.65e-12,0.27437561242701664
6.7e-12,0.13990094394678496
6.75e-12,-0.00250329465008033
6.8e-12,-0.13778782890457833
6.85e-12,-0.25238178417077217
6.9e-12,-0.3356309176609048
6.95e-12,-0.3808226808871853
7e-12,-0.3856992465671976
7.05e-12,-0.35242825713861536
7.1e-12,-0.2870694064326056
7.15e-12,-0.19863420767389034
7.2e-12,-0.09787931382609534
7.25e-12,0.004003981394698165
7.3e-12,0.09664138765845023
7.35e-12,0.17152630052027637
7.4e-12,0.2227643375419864
7.45e-12,0.24745366562255428
7.5e-12,0.24569330850187932
7.55e-12,0.22025806267456036
7.6e-12,0.17601542722840477
7.65e-12,0.11918305205058895
7.7e-12,0.05653287543045642
7.75e-12,-0.005359063590944704
7.8e-12,-0.06073755084456198
7.85e-12,-0.10511574264312457
7.9e-12,-0.1355238533752276
7.95e-12,-0.15056646029526405
8e-12,-0.15031909011375552
8.05e-12,-0.13610944413990309
8.1e-12,-0.11023373616553764
8.15e-12,-0.0756547659365753
8.2e-12,-0.03571757482761242
8.25e-12,0.006096152862518679
8.3e-12,0.04636897374603868
8.35e-12,0.0819104402605284
8.4e-12,0.10989587305162021
8.45e-12,0.12799668538090153
8.5e-12,0.1345131725274888
8.55e-12,0.12851146967055674
8.6e-12,0.10995496268157011
8.65e-12,0.07980967378417483
8.7e-12,0.040095840712593644
8.75e-12,-0.006143736160698612
8.8e-12,-0.05498282584407976
8.85e-12,-0.10187075215779967
8.9e-12,-0.14200649052960135
8.95e-12,-0.1708033482375624
9e-12,-0.18440054085974156
9.05e-12,-0.18016292517238502
9.1e-12,-0.1571022785258051
9.15e-12,-0.11615495350517327
9.2e-12,-0.06026225292580243
9.25e-12,0.005779330908952704
9.3e-12,0.07570310780010636
9.35e-12,0.14236634945017065
9.4e-12,0.19849732315024846
9.45e-12,0.23751405675673543
9.5e-12,0.25431815215600745
9.55e-12,0.24596351428842586
9.600000000000001e-12,0.21210968258019722
9.65e-12,0.15519188283556448
9.700000000000001e-12,0.08027249092058007
9.75e-12,-0.005422672701973333
9.800000000000001e-12,-0.09323990220066708
9.85e-12,-0.17402594738759816
9.900000000000001e-12,-0.23914334248140842
9.95e-12,-0.2814530313186356
1.0000000000000001e-11,-0.2961456645286036
1.005e-11,-0.2813191412338689
1.0100000000000001e-11,-0.23822943781977898
1.015e-11,-0.17118085915934964
1.0200000000000001e-11,-0.08706560104623211
1.025e-11,0.005394684427742606
1.0300000000000001e-11,0.09661628144063844
1.035e-11,0.17721549005999523
1.0400000000000001e-11,0.2390401984180427
1.045e-11,0.2760504436710436
1.0500000000000001e-11,0.2849470232187251
1.055e-11,0.26547899132533437
1.0600000000000001e-11,0.2204006450572073
1.065e-11,0.15509118964785762
1.0700000000000001e-11,0.07689023819692205
1.075e-11,-0.0057653310789918125
1.0800000000000001e-11,-0.08429672977848479
1.085e-11,-0.15091722364487328
1.0900000000000001e-11,-0.19943809344507976
1.095e-11,-0.22585971700340082
1.1e-11,-0.22869037524095148
1.105e-11,-0.20897046317693013
1.11e-11,-0.17001578395148384
1.115e-11,-0.11692594346494699
1.12e-11,-0.0559286762066636
1.125e-11,0.006354461775414623
1.13e-11,0.0636323963343806
1.135e-11,0.1105780386113414
1.14e-11,0.14330728658391007
1.145e-11,0.15966329504964968
1.15e-11,0.15929212611567187
1.155e-11,0.1435214883585045
1.16e-11,0.11507590445918572
1.165e-11,0.07767690791851883
1.17e-11,0.03558443704541112
1.175e-11,-0.0068646729671554075
1.18e-11,-0.04567234456616567
1.185e-11,-0.07751250920368193
1.19e-11,-0.09996033938259159
1.195e-11,-0.1116110584551121
1.2e-11,-0.11209523683429885
1.205e-11,-0.10200728994578992
1.21e-11,-0.0827693636535016
1.215e-11,-0.05645392108684017
1.22e-11,-0.025585863203452484
1.225e-11,0.00705980996064385
1.23e-11,0.038654441767298105
1.235e-11,0.06650092428519047
1.24e-11,0.08820557424535366
1.245e-11,0.10183547639498856
1.25e-11,0.10605865513868565
1.255e-11,0.10026130913658249
1.26e-11,0.08463261683382176
1.265e-11,0.06020460764009587
1.27e-11,0.0288335550856714
1.275e-11,-0.0068887780703285354
1.28e-11,-0.04380053199352527
1.2850000000000001e-11,-0.0784100510486068
1.29e-11,-0.10719905355342076
1.2950000000000001e-11,-0.12696571575862553
1.3e-11,-0.13517502266956405
1.3050000000000001e-11,-0.13027711760750676
1.31e-11,-0.11195239469593359
1.3150000000000001e-11,-0.08124570013665705
1.32e-11,-0.040561417326939575
1.3250000000000001e-11,0.006494308996901626
1.33e-11,0.05541997226933821
1.3350000000000001e-11,0.1012502466065442
1.34e-11,0.13907130339830212
1.3450000000000001e-11,0.16456462065170122
1.35e-11,0.1745163013269053
1.3550000000000001e-11,0.16722891951073257
1.36e-11,0.14278111826835665
1.3650000000000001e-11,0.10309596744580489
1.37e-11,0.05180074669680719
1.3750000000000001e-11,-0.006114247085063878
1.38e-11,-0.06480521238679367
1.3850000000000001e-11,-0.11819813409503799
1.39e-11,-0.16065557384282728
1.3950000000000001e-11,-0.18760933597986157
1.4e-11,-0.1960836164455969
1.4050000000000001e-11,-0.1850449845529373
1.41e-11,-0.15553547614346147
1.4150000000000001e-11,-0.11057076164323837
1.42e-11,-0.05481357521405444
1.4250000000000001e-11,0.005940232643377063
1.43e-11,0.06540299831438827
1.4350000000000001e-11,0.11748863667061409
1.44e-11,0.15697694799255965
1.4450000000000001e-11,0.18007181238157605
1.45e-11,0.1847898406292634
1.4550000000000001e-11,0.17113727950492644
1.46e-11,0.1410590442298031
1.465e-11,0.09817129932396453
1.47e-11,0.04731452821175284
1.475e-11,-0.006015645859188039
1.48e-11,-0.05628992084489621
1.485e-11,-0.0985453776227881
1.49e-11,-0.12889590512735208
1.495e-11,-0.14489833306444072
1.5e-11,-0.14573929796632742
1.505e-11,-0.13223090257407086
1.51e-11,-0.10662654972524951
1.515e-11,-0.07228897762577365
1.52e-11,-0.03325802534032565
1.525e-11,0.006225651143648967
1.53e-11,0.04218349199916357
1.535e-11,0.07129710308150844
1.54e-11,0.09120183891319596
1.545e-11,0.1006520082363234
1.55e-11,0.09955114297596795
1.555e-11,0.08885730519642628
1.56e-11,0.070387062127783
1.565e-11,0.046551023375771154
1.57e-11,0.020057931686995992
1.575e-11,-0.006376755836870037
1.58e-11,-0.0302873271101801
1.585e-11,-0.0496574356899974
1.59e-11,-0.06305111035896675
1.595e-11,-0.06967335991539507
1.6e-11,-0.0693669995648601
1.6050000000000002e-11,-0.0625581775792672
1.61e-11,-0.05016589847933962
1.615e-11,-0.03349072265338577
1.62e-11,-0.01409536923233232
1.6250000000000002e-11,0.006313897603370514
1.63e-11,0.026000370390334576
1.635e-11,0.04330319733403511
1.64e-11,0.05673755271944962
1.6450000000000002e-11,0.06508948369020075
1.65e-11,0.06750462617846625
1.655e-11,0.0635671445377886
1.66e-11,0.05336201759291574
1.6650000000000002e-11,0.037511147564562405
1.67e-11,0.017172634582339898
1.675e-11,-0.006006380453070907
1.68e-11,-0.029989365647379255
1.6850000000000002e-11,-0.05250279054072569
1.69e-11,-0.07123411086478675
1.695e-11,-0.08406028727854183
1.7e-11,-0.08928467882066
1.7050000000000002e-11,-0.08585519243792021
1.71e-11,-0.07353487629817279
1.715e-11,-0.05299842238088279
1.72e-11,-0.025834428996507564
1.7250000000000002e-11,0.005556734441019541
1.73e-11,0.03816712574915752
1.735e-11,0.06867174487542953
1.74e-11,0.09377713200435507
1.7450000000000002e-11,0.11059009851618706
1.75e-11,0.11696326111902909
1.755e-11,0.11177405063606248
1.76e-11,0.09509958559385114
1.7650000000000002e-11,0.06826078459843965
1.77e-11,0.03372412816146804
1.775e-11,-0.005133260770322292
1.78e-11,-0.04437228135067949
1.7850000000000002e-11,-0.0799163504892151
1.79e-11,-0.10800318991733818
1.795e-11,-0.12561062493861125
1.8e-11,-0.13080503990767628
1.8050000000000002e-11,-0.12296962517348584
1.81e-11,-0.10288362301594105
1.815e-11,-0.07264169240781022
1.82e-11,-0.035421986688395524
1.825e-11,0.004869932825901865
1.83e-11,0.04403903925330526
1.835e-11,0.07806845431501024
1.84e-11,0.1035612475489547
1.845e-11,0.11810460041899364
1.85e-11,0.1205146261952882
1.855e-11,0.11093532409085385
1.86e-11,0.09078339060086704
1.865e-11,0.06254951969331522
1.87e-11,0.029483957662731014
1.875e-11,-0.004792718484648978
1.88e-11,-0.03670494838526137
1.885e-11,-0.06311367239172665
1.89e-11,-0.08163893164082962
1.895e-11,-0.0908789704974145
1.9e-11,-0.09050551721834411
1.905e-11,-0.08123107842138863
1.91e-11,-0.06465993418653092
1.915e-11,-0.04304802050604989
1.9200000000000002e-11,-0.019006400627204965
1.925e-11,0.004812461841780796
1.93e-11,0.026007198543178994
1.935e-11,0.042666007922025115
1.9400000000000002e-11,0.05352772474712355
1.945e-11,0.058053777070813245
1.95e-11,0.056411504179175224
1.955e-11,0.049380321266524446
1.9600000000000002e-11,0.03820065385677553
1.965e-11,0.024390493953717254
1.97e-11,0.009555491783495611
1.975e-11,-0.0047840781120735195
1.9800000000000002e-11,-0.01733160558804676
1.985e-11,-0.027107068259068647
1.99e-11,-0.03349172253955438
1.995e-11,-0.03622871122676974
2.0000000000000002e-11,-0.035389007850391424
2.005e-11,-0.031315014949948254
2.01e-11,-0.024554479118598514
2.015e-11,-0.015795454389651062
2.0200000000000002e-11,-0.005809486502133393
2.025e-11,0.004594107665683409
2.03e-11,0.014604070827121616
2.035e-11,0.023437360885800996
2.0400000000000002e-11,0.030369191035422613
2.045e-11,0.034767959723177935
2.05e-11,0.036137783402043405
2.055e-11,0.034167836652274505
2.0600000000000002e-11,0.02878376455158099
2.065e-11,0.020192961922731338
2.07e-11,0.008913362271894359
2.075e-11,-0.0042248183381348595
2.0800000000000002e-11,-0.018112884809410718
2.085e-11,-0.03143732837114663
2.09e-11,-0.04279187028193569
2.095e-11,-0.05081985789674095
2.1000000000000002e-11,-0.054372773927548836
2.105e-11,-0.05266584519087326
2.11e-11,-0.04540936012068884
2.115e-11,-0.032894963834567206
2.1200000000000002e-11,-0.016020090276769167
2.125e-11,0.0037594946388175956
2.13e-11,0.024550116730503464
2.135e-11,0.04420475459685798
2.1400000000000002e-11,0.060553439719568794
2.145e-11,0.0716535843753728
2.15e-11,0.07602979146243054
2.155e-11,0.07287207872644995
2.1600000000000002e-11,0.06216504698472632
2.165e-11,0.04472804774489395
2.17e-11,0.02215699418626473
2.175e-11,-0.003329225246077951
2.1800000000000002e-11,-0.029122357750994685
2.185e-11,-0.05251223215489071
2.19e-11,-0.07099415324131508
2.195e-11,-0.08255890804178384
2.2e-11,-0.08592941223959265
2.205e-11,-0.080714117889385
2.21e-11,-0.0674573887486398
2.215e-11,-0.047579833500927926
2.22e-11,-0.02321539431636845
2.225e-11,0.003035009993013563
2.23e-11,0.02840301913853394
2.235e-11,0.05026873298418791
2.24e-11,0.06645440324114511
2.245e-11,0.07546056224218034
2.25e-11,0.07661697932427172
2.2550000000000002e-11,0.07013202422999171
2.26e-11,0.05703712289413529
2.265e-11,0.03903624769292931
2.27e-11,0.018282033967137058
2.2750000000000002e-11,-0.002891349460543468
2.28e-11,-0.022244078356263443
2.285e-11,-0.0378810603500323
2.29e-11,-0.04844729762035304
2.2950000000000002e-11,-0.05324706303723574
2.3e-11,-0.05227650796976181
2.305e-11,-0.046170962781033706
2.31e-11,-0.036079088033245096
2.3150000000000002e-11,-0.023484742024706403
2.32e-11,-0.010002867434205823
2.325e-11,0.0028227121778868305
2.33e-11,0.013693969725939234
2.3350000000000002e-11,0.021685814722522845
2.34e-11,0.02631364312315742
2.345e-11,0.027538290931498476
2.35e-11,0.0257141682289037
2.3550000000000002e-11,0.02149362732278358
2.36e-11,0.015705439028878623
2.365e-11,0.009227081110637986
2.37e-11,0.002869326321999358
2.3750000000000002e-11,-0.0027122392693435366
2.38e-11,-0.007069849379003611
2.385e-11,-0.009977968027514756
2.39e-11,-0.011413387495315492
2.3950000000000002e-11,-0.011509961309327958
2.4e-11,-0.010499982458057286
2.405e-11,-0.008654938809221347
2.41e-11,-0.006236799304809405
2.4150000000000002e-11,-0.0034675300607376214
2.42e-11,-0.0005199322639544601
2.425e-11,0.0024719746006835065
2.43e-11,0.005389025160497588
2.4350000000000002e-11,0.008098253342678597
2.44e-11,0.01042923904932999
2.445e-11,0.012164044929152434
2.45e-11,0.013046363925465898
2.4550000000000002e-11,0.012811256585317368
2.46e-11,0.011232129940316143
2.465e-11,0.008177284258942907
2.47e-11,0.0036652636598726706
2.4750000000000002e-11,-0.0020929731457212638
2.48e-11,-0.008676070474321286
2.485e-11,-0.015466369050930543
2.49e-11,-0.021699119578683396
2.4950000000000002e-11,-0.026544034293460146
2.5e-11,-0.02921052284328733
2.505e-11,-0.029063032991134063
2.51e-11,-0.025729817466904493
2.5150000000000002e-11,-0.01918780010524834
2.52e-11,-0.009808274836734602
2.525e-11,0.0016472232440860636
2.53e-11,0.014084958138480558
2.5350000000000002e-11,0.02618738670041019
2.54e-11,0.03656075507916613
2.545e-11,0.04390435347658511
2.55e-11,0.04717970544211266
2.555e-11,0.04575672208364056
2.56e-11,0.03951584572490114
2.565e-11,0.028890277488361777
2.5700000000000002e-11,0.014839906278801917
2.575e-11,-0.0012424674023367751
2.58e-11,-0.017682828749329773
2.585e-11,-0.032717677084885044
2.5900000000000002e-11,-0.04470204580256154
2.595e-11,-0.052307351426551546
2.6e-11,-0.05468345233985165
2.605e-11,-0.05156364407193939
2.6100000000000002e-11,-0.043298607644171115
2.615e-11,-0.03081457827218768
2.62e-11,-0.015500947474436786
2.625e-11,0.0009582183432073233
2.6300000000000002e-11,0.016786945037029318
2.635e-11,0.03032825210208906
2.64e-11,0.04023623259403525
2.645e-11,0.04562518974638951
2.6500000000000002e-11,0.04615775809823507
2.655e-11,0.04206233274791411
2.66e-11,0.03407968234238996
2.665e-11,0.02334799195198518
2.6700000000000002e-11,0.011243478069870695
2.675e-11,-0.0008009247527514964
2.68e-11,-0.011474174568197805
2.685e-11,-0.019739710164433655
2.6900000000000002e-11,-0.02494317515892796
2.695e-11,-0.026863362279552425
2.7e-11,-0.02570278422280213
2.705e-11,-0.022022772687253507
2.7100000000000002e-11,-0.01663546081814651
2.715e-11,-0.010470386930011755
2.72e-11,-0.004436070400327379
2.725e-11,0.0007035197926285266
2.7300000000000002e-11,0.004420977194690322
2.735e-11,0.006474885818739889
2.74e-11,0.00691251804312962
2.745e-11,0.006028850495120547
2.7500000000000002e-11,0.004291327877803825
2.755e-11,0.0022444465725975555
2.76e-11,0.0004104980022443851
2.765e-11,-0.0007975451784826537
2.7700000000000002e-11,-0.0011378402832686355
2.775e-11,-0.0005677797707863743
2.78e-11,0.0007641394041063565
2.785e-11,0.0025591861242989663
2.7900000000000002e-11,0.004433291116955919
2.795e-11,0.005993650956399583
2.8e-11,0.006913262021392265
2.805e-11,0.006990464075576944
2.8100000000000002e-11,0.006183548953450211
2.815e-11,0.0046150477493774045
2.82e-11,0.0025456689185433803
2.825e-11,0.00032312220475950575
2.8300000000000002e-11,-0.0016846396693861343
2.835e-11,-0.0031595994015118853
2.84e-11,-0.003894570664529327
2.845e-11,-0.003833734659013195
2.8500000000000002e-11,-0.003085258986875957
2.855e-11,-0.0019032626639716064
2.86e-11,-0.0006417192426351184
2.865e-11,0.0003121601398708962
2.8700000000000002e-11,0.0006137766161515918
2.875e-11,3.303344865183773e-05
2.88e-11,-0.0014906520798019162
2.8850000000000002e-11,-0.003820686833896407
2.8900000000000002e-11,-0.006629206815412358
2.895e-11,-0.009437359651929478
2.9e-11,-0.0116850721909865
2.9050000000000002e-11,-0.012820325997430321
2.9100000000000002e-11,-0.012394329346223079
2.9150000000000004e-11,-0.01014740753593188
2.92e-11,-0.006071235323161763
2.925e-11,-0.0004361401212734963
2.93e-11,0.0062228156268551785
2.935e-11,0.013161138344909812
2.94e-11,0.019515406806373186
2.945e-11,0.024417183137532886
2.95e-11,0.02711455657740365
2.9550000000000004e-11,0.02708382867023418
2.96e-11,0.02411470759794657
2.965e-11,0.018355738040794305
2.97e-11,0.010312096776785006
2.975e-11,0.0007945645760909762
2.98e-11,-0.009174528299394025
2.985e-11,-0.01848632016325201
2.99e-11,-0.02608472393804079
2.9950000000000004e-11,-0.03110108073854887
3e-11,-0.03296565720659443
3.005e-11,-0.03148057792599175
3.01e-11,-0.026844103039512363
3.015e-11,-0.01962294001156708
3.02e-11,-0.010676537287624284
3.025e-11,-0.0010439947953108954
3.03e-11,0.008190625727521165
3.0350000000000004e-11,0.01603593912864308
3.04e-11,0.02171498784302455
3.045e-11,0.024754777687666298
3.05e-11,0.025032086188309367
3.055e-11,0.02277043224961012
3.06e-11,0.018490133559656875
3.065e-11,0.012920017928654489
3.07e-11,0.006884631219792503
3.0750000000000004e-11,0.0011839435220395936
3.08e-11,-0.0035168356569708023
3.085e-11,-0.006771712420405574
3.09e-11,-0.008401264692565134
3.095e-11,-0.008497374096199483
3.1e-11,-0.007386344694389356
3.105e-11,-0.005557659441971726
3.11e-11,-0.00357063557680388
3.1150000000000004e-11,-0.0019542867352575653
3.12e-11,-0.001116353866093849
3.125e-11,-0.0012756680521718042
3.13e-11,-0.0024280677919524024
3.135e-11,-0.004350644229148651
3.14e-11,-0.006642985303526274
3.145e-11,-0.008798278619237715
3.15e-11,-0.010292502828881207
3.1550000000000003e-11,-0.010677188327084735
3.16e-11,-0.00966076481621944
3.165e-11,-0.007165386393272977
3.17e-11,-0.0033500257973013586
3.175e-11,0.001404058939133156
3.18e-11,0.00654348928034388
3.185e-11,0.011421004826087293
3.19e-11,0.01538984408363917
3.1950000000000003e-11,0.01789981702115305
3.2e-11,0.018580335186813696
3.205e-11,0.017297650140636188
3.2100000000000004e-11,0.014177490355923817
3.215e-11,0.009589567945844382
3.22e-11,0.004096234137051129
3.225e-11,-0.0016269958131608633
3.23e-11,-0.006887083389494608
3.2350000000000003e-11,-0.011070906196052348
3.24e-11,-0.013729927713394766
3.245e-11,-0.014639549467711335
3.2500000000000004e-11,-0.013824519371180108
3.255e-11,-0.011546983681357346
3.26e-11,-0.008259471357274624
3.265e-11,-0.004530413577012758
3.27e-11,-0.0009539165609984788
3.275e-11,0.0019422009274043886
3.28e-11,0.003775964112147238
3.285e-11,0.004366292645105991
3.2900000000000004e-11,0.0037553318488374406
3.295e-11,0.0021949775869967696
3.3e-11,0.00010007818027637685
3.305e-11,-0.0020240469277330256
3.31e-11,-0.0036681816732536286
3.315e-11,-0.004406149538081961
3.32e-11,-0.003968370075184107
3.325e-11,-0.002290410162758138
3.3300000000000004e-11,0.00047118733384765143
3.335e-11,0.003958421116181528
3.34e-11,0.007663827271987263
3.345e-11,0.011007042237626148
3.35e-11,0.013424201968945006
3.355e-11,0.0144564348425455
3.36e-11,0.0138238082104516
3.365e-11,0.011473285247227879
3.3700000000000004e-11,0.007593198797048292
3.375e-11,0.0025918433070668935
3.38e-11,-0.0029567582839992554
3.385e-11,-0.008391874811356064
3.39e-11,-0.01305809115274651
3.395e-11,-0.01639661317141805
3.4e-11,-0.018022285781242
3.405e-11,-0.017774976943630325
3.4100000000000004e-11,-0.015737917533385246
3.415e-11,-0.012220630987786984
3.42e-11,-0.007709459921804573
3.425e-11,-0.0027935742069509963
3.43e-11,0.001922019583196234
3.435e-11,0.005903106140692902
3.44e-11,0.008759392330872046
3.445e-11,0.010293255687719379
3.4500000000000004e-11,0.010517139091335559
3.455e-11,0.009637585380891937
3.46e-11,0.008009147490417898
3.465e-11,0.0060661125548873915
3.47e-11,0.004243411596623101
3.475e-11,0.00289971694502299
3.48e-11,0.002255304703409464
3.485e-11,0.00235484593510119
3.4900000000000004e-11,0.003061263690469515
3.495e-11,0.004081781031194731
3.5e-11,0.005022070355111868
3.505e-11,0.005459813530853355
3.51e-11,0.005025720809399645
3.515e-11,0.003478655264555685
3.52e-11,0.0007622042880907403
3.525e-11,-0.0029672570231739433
3.5300000000000003e-11,-0.00734665269374062
3.535e-11,-0.011846812789034619
3.54e-11,-0.015842542918181622
3.5450000000000004e-11,-0.018702351450936915
3.55e-11,-0.01988470110927566
3.555e-11,-0.01902627113611566
3.56e-11,-0.016008521225908373
3.565e-11,-0.010991746574469283
3.5700000000000003e-11,-0.004410394723768827
3.575e-11,0.0030709884296927664
3.58e-11,0.01063603025642986
3.5850000000000004e-11,0.017418753610980064
3.59e-11,0.022615807690397144
3.595e-11,0.025593086860501775
3.6e-11,0.025971697817348517
3.605e-11,0.02368100586927451
3.6100000000000003e-11,0.01897105633700895
3.615e-11,0.012382366532125946
3.62e-11,0.004677088930671961
3.6250000000000004e-11,-0.0032590166307159326
3.63e-11,-0.010530283915717656
3.635e-11,-0.016344862129355514
3.64e-11,-0.020112918498803495
3.645e-11,-0.021516110726803855
3.65e-11,-0.02053931099096565
3.655e-11,-0.01746099497732148
3.66e-11,-0.01280458051581255
3.6650000000000004e-11,-0.007258454310178257
3.67e-11,-0.0015766762620797248
3.675e-11,0.0035252006641353843
3.68e-11,0.00746443804681341
3.685e-11,0.00986260932790793
3.69e-11,0.010585000245722485
3.695e-11,0.009743537017521859
3.7e-11,0.007664289815808509
3.7050000000000004e-11,0.004825722818580091
3.71e-11,0.0017779355134051715
3.715e-11,-0.0009444170328177686
3.72e-11,-0.0029023492733993676
3.725e-11,-0.0038142320068949172
3.73e-11,-0.0035904557950576636
3.735e-11,-0.0023369655634906607
3.74e-11,-0.00032842892932303315
3.7450000000000004e-11,0.0020435953530550453
3.75e-11,0.004338478638978322
3.755e-11,0.006139173524024152
3.76e-11,0.007118172869825037
3.765e-11,0.007086691488390017
3.77e-11,0.00601995371654584
3.775e-11,0.0040554704280967874
3.78e-11,0.0014655700972443406
3.7850000000000004e-11,-0.0013904881674743456
3.79e-11,-0.004126382188252731
3.795e-11,-0.006390456467387149
3.8e-11,-0.007919184170145635
3.805e-11,-0.008573861297822997
3.81e-11,-0.008355014876394075
3.815e-11,-0.007392838390124017
3.82e-11,-0.005916015005188971
3.8250000000000004e-11,-0.004204889477259942
3.83e-11,-0.002537516918955104
3.835e-11,-0.0011382349288806542
3.8400000000000004e-11,-0.00013789543932825603
3.845e-11,0.00044716059098559986
3.85e-11,0.0007135621255894705
3.855e-11,0.0008469086506002652
3.86e-11,0.0010793767619540577
3.8650000000000004e-11,0.0016363218108600651
3.87e-11,0.0026813965114466203
3.875e-11,0.004270275874205436
3.8800000000000004e-11,0.006321955103688692
3.885e-11,0.008613921003227769
3.89e-11,0.010803686632412345
3.895e-11,0.012474814255012704
3.9e-11,0.013201325206891323
3.9050000000000003e-11,0.012620993059805151
3.91e-11,0.010506009637353615
3.915e-11,0.006819266928809084
3.9200000000000004e-11,0.0017461092099403078
3.925e-11,-0.004305311624695524
3.93e-11,-0.010737452707905553
3.935e-11,-0.016827892505646154
3.94e-11,-0.021817407279930735
3.9450000000000003e-11,-0.025010166359743242
3.95e-11,-0.02587224871714907
3.955e-11,-0.02411429223494683
3.9600000000000004e-11,-0.019745771097358946
3.965e-11,-0.013091962757188297
3.97e-11,-0.004769637340808327
3.975e-11,0.00437681420251148
3.98e-11,0.013371511723732816
3.9850000000000003e-11,0.021223497873349047
3.99e-11,0.027048368916300268
3.995e-11,0.03017904199722716
4.0000000000000004e-11,0.030250789581939764
4.005e-11,0.027248970793645234
4.01e-11,0.021512825266001966
4.015e-11,0.013694581736255523
4.02e-11,0.004679146155211287
4.025e-11,-0.004525071596152631
4.03e-11,-0.012909798925637098
4.035e-11,-0.01958877417770702
4.0400000000000004e-11,-0.023902014450409625
4.045e-11,-0.025489203224976754
4.05e-11,-0.02432327423569732
4.055e-11,-0.020700775849070145
4.06e-11,-0.015191478277279291
4.065e-11,-0.008555105396214619
4.07e-11,-0.0016372829170728416
4.075e-11,0.0047407705164252125
4.0800000000000004e-11,0.009883924784665463
4.085e-11,0.013303025309798964
4.09e-11,0.014763312915825777
4.095e-11,0.014296428021022236
4.1e-11,0.012176294710093995
4.105e-11,0.008864178045668119
4.11e-11,0.004932250885525653
4.115e-11,0.0009775458959385551
4.1200000000000004e-11,-0.0024611073578090256
4.125e-11,-0.004971686492453688
4.13e-11,-0.006314385032974011
4.135e-11,-0.006438967424188436
4.14e-11,-0.005473607074259292
4.145e-11,-0.0036889768327360273
4.15e-11,-0.0014448012035771444
4.155e-11,0.0008717600283415252
4.1600000000000004e-11,0.00290591922254
4.165e-11,0.0043842500517093244
4.17e-11,0.005146171208855133
4.1750000000000004e-11,0.005154487163185593
4.18e-11,0.004485168042978275
4.185e-11,0.0032999424536105477
4.19e-11,0.0018078992365112658
4.195e-11,0.000223746305293831
4.2000000000000004e-11,-0.0012695414615724438
4.205e-11,-0.0025472058242730342
4.21e-11,-0.003554177201649536
4.2150000000000004e-11,-0.004300383953620782
4.22e-11,-0.0048418640115407
4.225e-11,-0.005252339062820628
4.23e-11,-0.005591716335039722
4.235e-11,-0.005878582282884493
4.2400000000000004e-11,-0.006073037017207058
4.245e-11,-0.006074303737216547
4.25e-11,-0.005734755961039904
4.2550000000000004e-11,-0.0048888138077411
4.26e-11,-0.003392122657358669
4.265e-11,-0.0011640827522033284
4.27e-11,0.0017744177020149127
4.275e-11,0.005276043131387878
4.2800000000000003e-11,0.009061212632819554
4.285e-11,0.012735045068662782
4.29e-11,0.015827017188522224
4.2950000000000004e-11,0.017849446604590556
4.3e-11,0.018367427823090473
4.305e-11,0.017070325885499723
4.31e-11,0.013833824127118971
4.315e-11,0.008762079857241478
4.3200000000000003e-11,0.0022017625982755
4.325e-11,-0.005276627039661496
4.33e-11,-0.012930221391095568
4.3350000000000004e-11,-0.019923289174792483
4.34e-11,-0.025425669990724712
4.345e-11,-0.028717778231774068
4.35e-11,-0.029288198771462826
4.355e-11,-0.026910217553704045
4.3600000000000003e-11,-0.021685910574006737
4.365e-11,-0.014050390959181388
4.37e-11,-0.004733968135181584
4.3750000000000004e-11,0.005314395641740628
4.38e-11,0.01503362319209714
4.385e-11,0.02337408884945819
4.39e-11,0.02942267323633097
4.395e-11,0.032513263774706314
4.4e-11,0.0323083278372585
4.405e-11,0.02884082136873065
4.41e-11,0.02251081402234377
4.4150000000000004e-11,0.014037117037524915
4.42e-11,0.004370083840498767
4.425e-11,-0.005423191136143064
4.43e-11,-0.014286513405922732
4.435e-11,-0.021298766663650347
4.44e-11,-0.02577897794016427
4.445e-11,-0.027359353961331778
4.45e-11,-0.026017791344679835
4.4550000000000004e-11,-0.0220668369375921
4.46e-11,-0.016101837190996914
4.465e-11,-0.008916272872063669
4.47e-11,-0.0013963187670147366
4.475e-11,0.0055910272812599885
4.48e-11,0.011301604902594539
4.485e-11,0.015196592358054789
4.49e-11,0.01699428233190764
4.4950000000000004e-11,0.016686112244476543
4.5e-11,0.014516961871312477
4.505e-11,0.010934528249660149
4.5100000000000005e-11,0.00651648550493204
4.515e-11,0.0018866247585355102
4.52e-11,-0.0023680412458889646
4.525e-11,-0.00576816334864249
4.53e-11,-0.007992331109705948
4.5350000000000004e-11,-0.008901656529942839
4.54e-11,-0.008537604350897721
4.545e-11,-0.007095906715586185
4.5500000000000004e-11,-0.004882607039146039
4.555e-11,-0.00226035134808641
4.56e-11,0.0004062613878887127
4.565e-11,0.0027981669717422396
4.57e-11,0.0046759714447836215
4.5750000000000004e-11,0.0058972830147842395
4.58e-11,0.0064168632183542705
4.585e-11,0.006272106827946177
4.5900000000000004e-11,0.005558591142368395
4.595e-11,0.004401670884896614
4.6e-11,0.0029301751840923812
4.605e-11,0.001257229799625357
4.61e-11,-0.0005286877003418759
4.6150000000000003e-11,-0.0023617714795720946
4.62e-11,-0.004187766109542314
4.625e-11,-0.005947527120321354
4.6300000000000004e-11,-0.007560343696470743
4.635e-11,-0.008912321026169017
4.64e-11,-0.009854245614817425
4.645e-11,-0.010211531187439489
4.65e-11,-0.009806378769694335
4.6550000000000003e-11,-0.00848961738681684
4.66e-11,-0.006177306677727989
4.665e-11,-0.002885532920635416
4.6700000000000004e-11,0.001243740911155928
4.675e-11,0.005932230035411752
4.68e-11,0.010774848542581707
4.685e-11,0.015270882267064311
4.69e-11,0.018875066633793156
4.6950000000000003e-11,0.02106336113414271
4.7e-11,0.02140528783886029
4.705e-11,0.019632821773263125
4.7100000000000004e-11,0.01569535399715324
4.715e-11,0.009791358166554819
4.72e-11,0.002370005026522662
4.725e-11,-0.0059002219676724975
4.73e-11,-0.01419435854760844
4.735e-11,-0.021619132926016218
4.74e-11,-0.027316431600871865
4.745e-11,-0.030569283125235328
4.7500000000000004e-11,-0.030896525922961302
4.755e-11,-0.02812315491339483
4.76e-11,-0.02241601352636399
4.765e-11,-0.014278700348489909
4.77e-11,-0.004504752252245279
4.775e-11,0.005906347947358818
4.78e-11,0.01586076612962423
4.785e-11,0.02429608216133784
4.7900000000000004e-11,0.030305657231378583
4.795e-11,0.03324594180265624
4.8e-11,0.03281305592783435
4.8050000000000005e-11,0.029078804918860324
4.81e-11,0.022481457689157772
4.815e-11,0.01377242004117574
4.82e-11,0.0039255974698357435
4.825e-11,-0.005979002606167107
4.8300000000000004e-11,-0.014882669089976491
4.835e-11,-0.021870383894703388
4.84e-11,-0.026273091177627717
4.8450000000000005e-11,-0.027737564986747027
4.85e-11,-0.02625601643201546
4.855e-11,-0.02215293906088526
4.86e-11,-0.016032250511016
4.865e-11,-0.0086927954030977
4.8700000000000004e-11,-0.0010240666025075214
4.875e-11,0.006103899585476911
4.88e-11,0.011942326450847746
4.8850000000000005e-11,0.01594478317286427
4.89e-11,0.017818435722200522
4.895e-11,0.017540711077528637
4.9e-11,0.015341417694996607
4.905e-11,0.011654906318629003
4.9100000000000004e-11,0.007050526020234944
4.915e-11,0.0021519627529236396
4.92e-11,-0.0024432150232832277
4.9250000000000004e-11,-0.006233353124926577
4.93e-11,-0.008863668536516947
4.935e-11,-0.010153437556476366
4.94e-11,-0.010098192895554317
4.945e-11,-0.008849296455327515
4.9500000000000004e-11,-0.006676204323570015
4.955e-11,-0.003918655168587613
4.96e-11,-0.0009366772874358706
4.9650000000000004e-11,0.0019342868497886979
4.97e-11,0.00441750889292067
4.975e-11,0.006315121182374579
4.98e-11,0.007513724442325524
4.985e-11,0.007977394339420832
4.9900000000000003e-11,0.0077319276806650785
4.995e-11,0.0068451916082859126
5e-11,0.005408457298639494
5.0050000000000004e-11,0.0035226696214108477
5.01e-11,0.001291947831987019
5.015e-11,-0.0011754248155654544
5.02e-11,-0.0037602755627241563
5.025e-11,-0.006323421651544091
5.0300000000000003e-11,-0.008698343745928518
5.035e-11,-0.010689769285218323
5.04e-11,-0.012081275668990811
5.0450000000000004e-11,-0.012653244482576301
5.05e-11,-0.012210255230615856
5.055e-11,-0.010614705966345575
5.06e-11,-0.0078215235865072
5.065e-11,-0.003907667744613506
5.0700000000000003e-11,0.0009099856024271518
5.075e-11,0.006273762864162694
5.08e-11,0.0117045956777282
5.0850000000000004e-11,0.016642091042864997
5.09e-11,0.020502373173454744
5.095e-11,0.022747651351664993
5.1e-11,0.022958965440937184
5.105e-11,0.02090215272428843
5.11e-11,0.01657706720967798
5.115e-11,0.010241565973331337
5.12e-11,0.00240463193375287
5.1250000000000004e-11,-0.006213111652385362
5.13e-11,-0.01474883598189414
5.135e-11,-0.022289925876292176
5.1400000000000005e-11,-0.027978839734255637
5.145e-11,-0.031117565230590588
5.15e-11,-0.03125818801022734
5.155e-11,-0.02826727737371195
5.16e-11,-0.022354708788470568
5.1650000000000004e-11,-0.014061843043501521
5.17e-11,-0.004209114724777686
5.175e-11,0.006191634940412658
5.1800000000000005e-11,0.016050034581747863
5.185e-11,0.0243217382050649
5.19e-11,0.03012936999627525
5.195e-11,0.03286480004174124
5.2e-11,0.032259909347317615
5.2050000000000004e-11,0.028416925763918886
5.21e-11,0.02179452669185335
5.215e-11,0.013151528547351637
5.2200000000000005e-11,0.003455364504981216
5.225e-11,-0.0062330279525015155
5.23e-11,-0.01488341513512048
5.235e-11,-0.02161412157948494
5.24e-11,-0.025789151691128498
5.2450000000000004e-11,-0.02708312429872534
5.25e-11,-0.02550692449761111
5.255e-11,-0.021392160113383376
5.2600000000000004e-11,-0.015337806570156511
5.265e-11,-0.00812712252498259
5.27e-11,-0.0006264064300372554
5.275e-11,0.00632098986832005
5.28e-11,0.01199196364304291
5.2850000000000004e-11,0.01586061225829794
5.29e-11,0.01764638662873386
5.295e-11,0.017329186356034778
5.3000000000000004e-11,0.015131670515901564
5.305e-11,0.011473304818648986
5.31e-11,0.006904054866164827
5.315e-11,0.002027743699405112
5.32e-11,-0.002574301066023223
5.3250000000000004e-11,-0.006409574823066284
5.33e-11,-0.009123129185001834
5.335e-11,-0.010524192470478673
5.3400000000000004e-11,-0.010589594048718861
5.345e-11,-0.00944620090771948
5.35e-11,-0.00733724923349554
5.355e-11,-0.004579159229027107
5.36e-11,-0.0015159765781891169
5.3650000000000003e-11,0.0015220024911855713
5.37e-11,0.004250405968008345
5.375e-11,0.006450910229827819
5.3800000000000004e-11,0.007978846102710668
5.385e-11,0.00875999926496298
5.39e-11,0.008779933986317951
5.395e-11,0.008069978645532907
5.4e-11,0.006693923917546522
5.4050000000000003e-11,0.004738574057179146
5.41e-11,0.002309778966425571
5.415e-11,-0.0004662150270736576
5.4200000000000004e-11,-0.0034379538082113916
5.425e-11,-0.006423614218715772
5.43e-11,-0.009209146335679036
5.435e-11,-0.011553070969427398
5.44e-11,-0.013200160635114729
5.4450000000000003e-11,-0.013904466290984886
5.45e-11,-0.013460051139427989
5.455e-11,-0.011735741983674398
5.4600000000000004e-11,-0.008708605887000018
5.465e-11,-0.004490046667721736
5.47e-11,0.0006613844360111138
5.4750000000000005e-11,0.006345095143389329
5.48e-11,0.012043876309748212
5.485e-11,0.017169146529714966
5.49e-11,0.021122373106490216
5.495e-11,0.02336611848059215
5.5000000000000004e-11,0.02349597662515808
5.505e-11,0.02130360083605791
5.51e-11,0.01682133168696797
5.5150000000000005e-11,0.010340664031012504
5.52e-11,0.002399783153317355
5.525e-11,-0.0062607082734511404
5.53e-11,-0.014770472924538675
5.535e-11,-0.022223064073019404
5.5400000000000004e-11,-0.027779762076358343
5.545e-11,-0.03077093272756926
5.55e-11,-0.03078190052629486
5.5550000000000005e-11,-0.027711765133636938
5.56e-11,-0.02179664417502997
5.565e-11,-0.013593133937454172
5.57e-11,-0.003922788493780536
5.575e-11,0.006216537695374698
5.5800000000000004e-11,0.015762243792302975
5.585e-11,0.023708056880941547
5.59e-11,0.029219817634587232
5.5950000000000005e-11,0.031731656837964826
5.6e-11,0.03101060765150352
5.605e-11,0.02718163954597711
5.61e-11,0.020710098114187833
5.615e-11,0.012343926234368207
5.6200000000000004e-11,0.0030231081823104936
5.625e-11,-0.006232153164969481
5.63e-11,-0.01444047865602497
5.6350000000000004e-11,-0.020770843333258206
5.64e-11,-0.024633100047469193
5.645e-11,-0.0257369637179705
5.65e-11,-0.024113186635306243
5.655e-11,-0.02009562370865937
5.6600000000000004e-11,-0.01426788202958773
5.665e-11,-0.00738260479956842
5.67e-11,-0.0002645930492218567
5.6750000000000004e-11,0.006289462751431884
5.68e-11,0.011602038745648656
5.685e-11,0.015185836656993258
5.69e-11,0.016787212473239124
5.695e-11,0.016398340367191608
5.7000000000000003e-11,0.01423873872523759
5.705e-11,0.010710713222263121
5.71e-11,0.006336344726609011
5.7150000000000004e-11,0.0016854912663842173
5.72e-11,-0.0026952990147801775
5.725e-11,-0.006344023646281055
5.73e-11,-0.008927783924912067
5.735e-11,-0.010266727620318005
5.7400000000000003e-11,-0.010336629159153352
5.745e-11,-0.009252363883485798
5.75e-11,-0.007236920254564146
5.7550000000000004e-11,-0.00458205661108052
5.76e-11,-0.0016071019469561254
5.765e-11,0.0013782452538093327
5.7700000000000005e-11,0.004102755399116523
5.775e-11,0.00635179405345102
5.7800000000000003e-11,0.007974544666678093
5.785e-11,0.008882053670662218
5.79e-11,0.009039181762580891
5.7950000000000004e-11,0.008454140450017331
5.8e-11,0.007169068416001216
5.805e-11,0.005254152278699066
5.8100000000000005e-11,0.0028063461379809417
5.815e-11,-4.789232000177027e-05
5.8200000000000003e-11,-0.003147909370528561
5.825e-11,-0.006295271837347051
5.830000000000001e-11,-0.009254664058367877
5.835e-11,-0.011762146502853215
5.84e-11,-0.01354242387480687
5.845e-11,-0.014334990047291059
5.85e-11,-0.013926998938089746
5.855000000000001e-11,-0.01218882590861652
5.86e-11,-0.009106904164320181
5.865e-11,-0.004807850242173584
5.87e-11,0.000431684008353025
5.875e-11,0.0061935533610032725
5.88e-11,0.011946860770527099
5.885e-11,0.017095819771776398
5.89e-11,0.021042622607991158
5.895e-11,0.023258482412489675
5.9e-11,0.023354073606669617
5.905e-11,0.021139783935765735
5.910000000000001e-11,0.01666672245178546
5.915e-11,0.010241315854717705
5.92e-11,0.0024093822804700637
5.925e-11,-0.006090576705417193
5.93e-11,-0.014400988892929904
5.935000000000001e-11,-0.021638007900641784
5.94e-11,-0.026992780705757793
5.945e-11,-0.029828795597235794
5.95e-11,-0.029762846394343415
5.955e-11,-0.026718752964902212
5.96e-11,-0.02094609850756243
5.965e-11,-0.013000501310677426
5.97e-11,-0.003686784153703011
5.975e-11,0.006028805487224588
5.98e-11,0.015127086293854173
5.985e-11,0.022652090994933864
5.990000000000001e-11,0.02782066856553185
5.995e-11,0.030112030890632305
6e-11,0.029326192619368353
6.005e-11,0.025604159755558235
6.01e-11,0.019407561492242837
6.015000000000001e-11,0.011460547226319163
6.02e-11,0.0026615044857296166
6.025e-11,-0.006024132371040312
6.03e-11,-0.013676502017002193
6.035e-11,-0.019525451818305988
6.04e-11,-0.023033654124939344
6.045e-11,-0.02394914039037313
6.05e-11,-0.022321829787196053
6.055e-11,-0.018483357704382083
6.06e-11,-0.012994182291004191
6.065e-11,-0.006565942422569898
6.070000000000001e-11,3.0154086777999713e-05
6.075e-11,0.006056851677963818
6.08e-11,0.010894573994618389
6.085e-11,0.014105532745543175
6.09e-11,0.015471476457635504
6.095000000000001e-11,0.015002145997881687
6.1e-11,0.012915483745238618
6.105e-11,0.009594239474772566
6.11e-11,0.005526353810244145
6.115e-11,0.0012380501801068386
6.12e-11,-0.0027712141808226795
6.125000000000001e-11,-0.006083842318372328
6.13e-11,-0.008403232232805487
6.135e-11,-0.009573700553028096
6.14e-11,-0.009580908169420895
6.145e-11,-0.00853522376101058
6.150000000000001e-11,-0.006642555176052012
6.155e-11,-0.00416837824623142
6.16e-11,-0.001400889245937715
6.165e-11,0.001381541925149259
6.17e-11,0.003934930220352408
6.175000000000001e-11,0.00606447470023798
6.18e-11,0.007629807426471906
6.185e-11,0.00854259099325388
6.19e-11,0.008759482081921012
6.195e-11,0.008273858890500755
6.2e-11,0.007109327492503977
6.205000000000001e-11,0.0053169921580141855
6.21e-11,0.0029770313280191203
6.215e-11,0.0002035726318067938
6.22e-11,-0.0028494660026998865
6.225e-11,-0.005984719963760745
6.230000000000001e-11,-0.008963172557912282
6.235e-11,-0.011514015009926895
6.24e-11,-0.01335384598553102
6.245e-11,-0.014214668710157245
6.25e-11,-0.013878165227181072
6.255e-11,-0.012211948934212303
6.26e-11,-0.009202268928597247
6.265e-11,-0.004977240374122594
6.27e-11,0.0001847427760245754
6.275e-11,0.005865196364466504
6.28e-11,0.011535749794090017
6.285000000000001e-11,0.01660691306764447
6.29e-11,0.020491009807755242
6.295e-11,0.022672311456989943
6.3e-11,0.022775646374247366
6.305e-11,0.02062413211170313
6.310000000000001e-11,0.0162773655219725
6.315e-11,0.010043390505001151
6.32e-11,0.0024608386355554324
6.325e-11,-0.0057485776215514305
6.33e-11,-0.013753050095067642
6.335e-11,-0.020701332557878347
6.34e-11,-0.02582051055689273
6.345e-11,-0.028508875960766535
6.35e-11,-0.028412012670806588
6.355e-11,-0.025471916257092962
6.36e-11,-0.019942105914814805
6.365000000000001e-11,-0.012365855050640867
6.37e-11,-0.0035193264276324005
6.375e-11,0.005674071551212603
6.38e-11,0.014248003767886578
6.385e-11,0.021303577401966055
6.390000000000001e-11,0.026112235098785772
6.395e-11,0.028198502882958738
6.4e-11,0.02739243472299746
6.405e-11,0.02384543291178548
6.41e-11,0.01800777640241318
6.415e-11,0.010571036943937556
6.420000000000001e-11,0.0023829597683462022
6.425e-11,-0.005654248901837648
6.43e-11,-0.012689386815045889
6.435e-11,-0.01801843276680951
6.44e-11,-0.021159892447209037
6.445000000000001e-11,-0.021900730717898397
6.45e-11,-0.02030830553283137
6.455e-11,-0.01670819331314845
6.46e-11,-0.0116321359583024
6.465e-11,-0.005743968988870946
6.470000000000001e-11,0.00024615422592153615
6.475e-11,0.005667932673733528
6.48e-11,0.009966715351370361
6.485e-11,0.012760099748595148
6.49e-11,0.013869515041538882
6.495e-11,0.013324591086964049
6.500000000000001e-11,0.011341810097222746
6.505e-11,0.008282197379498934
6.51e-11,0.004595202663666141
6.515e-11,0.0007571713008695672
6.52e-11,-0.002787198113492651
6.525000000000001e-11,-0.005673182571614571
6.53e-11,-0.007649009405891043
6.535e-11,-0.008590969989723985
6.54e-11,-0.008500916721407585
6.545e-11,-0.0074888365122741385
6.55e-11,-0.005744993365480123
6.555e-11,-0.0035070585876618345
6.56e-11,-0.0010276279794938733
6.565e-11,0.0014533547582571981
6.57e-11,0.0037282710916376237
6.575e-11,0.00563245168882304
6.580000000000001e-11,0.007046438489180255
6.585e-11,0.00789205887259027
6.59e-11,0.008125378368614598
6.595e-11,0.00772976451362138
6.6e-11,0.006711739929584023
6.605000000000001e-11,0.005101166081642657
6.61e-11,0.002955825628860519
6.615e-11,0.000368967895824387
6.62e-11,-0.0025228373247491143
6.625e-11,-0.005534863295630029
6.63e-11,-0.008435688586759865
6.635e-11,-0.010957442988266518
6.64e-11,-0.01281587589371483
6.645e-11,-0.013739418683507747
6.65e-11,-0.013504443079986822
6.655e-11,-0.011972202921669886
6.660000000000001e-11,-0.009121823026851819
6.665e-11,-0.005073421443880685
6.67e-11,-9.61488048561927e-05
6.675e-11,0.005402426166854439
6.68e-11,0.010906748501585194
6.685000000000001e-11,0.01584184290265218
6.69e-11,0.01963545919763905
6.695e-11,0.021786792651464684
6.7e-11,0.021933153209943067
6.705e-11,0.01990546979165677
6.71e-11,0.015764310392685252
6.715e-11,0.009810140238923223
6.72e-11,0.0025646049901376124
6.725e-11,-0.005276671489749458
6.73e-11,-0.012915441621294195
6.735e-11,-0.019538561245878126
6.740000000000001e-11,-0.024411763189139176
6.745e-11,-0.026967896621596564
6.75e-11,-0.026878311304722926
6.755e-11,-0.024097854391549087
6.76e-11,-0.018877065039183395
6.765000000000001e-11,-0.011739207815524627
6.77e-11,-0.003424249462479089
6.775e-11,0.005193842147788745
6.78e-11,0.013206593916007956
6.785e-11,0.019775184033604978
6.79e-11,0.024226442071105716
6.795000000000001e-11,0.026128864411997067
6.8e-11,0.025339352088166334
6.805e-11,0.022015122945226815
6.81e-11,0.01658970250225415
6.815e-11,0.00971646060135412
6.820000000000001e-11,0.0021872247050408545
6.825e-11,-0.005163471127650479
6.83e-11,-0.011556340036334666
6.835e-11,-0.016355351338787915
6.84e-11,-0.01913524507436192
6.845000000000001e-11,-0.019720936408702035
6.85e-11,-0.018195038522919003
6.855e-11,-0.014873946921090299
6.86e-11,-0.010256934895605951
6.865e-11,-0.00495597623414266
6.87e-11,0.0003838777044104006
6.875000000000001e-11,0.005163025305995782
6.88e-11,0.008894927401372467
6.885e-11,0.011254982840981082
6.89e-11,0.012105781338162494
6.895e-11,0.011497273274360403
6.900000000000001e-11,0.009643808861509425
6.905e-11,0.006882923267275636
6.91e-11,0.0036227972127484093
6.915e-11,0.00028626636119251825
6.92e-11,-0.0027409765764576494
6.925e-11,-0.0051516343689449445
6.93e-11,-0.006743250804712582
6.935e-11,-0.007428111939002308
6.94e-11,-0.0072274131163597355
6.945e-11,-0.006252683272518994
6.95e-11,-0.004678965008942265
6.955000000000001e-11,-0.002714897942617185
6.96e-11,-0.0005746085205964566
6.965e-11,0.0015447164215953403
6.97e-11,0.0034772684136184827
6.975e-11,0.005094572213728445
6.980000000000001e-11,0.0063041660003411125
6.985e-11,0.007043516292035324
6.99e-11,0.007272353346813641
6.995e-11,0.006966566418242444
7e-11,0.006116064607021158
7.005e-11,0.004727749677185456
7.01e-11,0.0028332200976300347
7.015e-11,0.000499339201520092
7.02e-11,-0.002161340924800205
7.025e-11,-0.004983858388301412
7.03e-11,-0.007751197947257188
7.035000000000001e-11,-0.010204169520029175
7.04e-11,-0.012061701402449884
7.045e-11,-0.013050511207230286
7.05e-11,-0.012941135729092345
7.055e-11,-0.011585621496836711
7.060000000000001e-11,-0.008951125016184325
7.065e-11,-0.00514348362784953
7.07e-11,-0.0004156023308993287
7.075e-11,0.004842787650672883
7.08e-11,0.010135007220219224
7.085e-11,0.014905123105957482
7.090000000000001e-11,0.018598824081474046
7.095e-11,0.020730490192685504
7.1e-11,0.020947953781941853
7.105e-11,0.019086067256806692
7.11e-11,0.01520106370099224
7.115000000000001e-11,0.009579768087610591
7.12e-11,0.002720753771840483
7.125e-11,-0.0047118467203917614
7.13e-11,-0.011957464248012596
7.135e-11,-0.018243464728958367
7.140000000000001e-11,-0.02287472268068107
7.145e-11,-0.02531725867499545
7.15e-11,-0.02526517825026329
7.155e-11,-0.022681983578638567
7.16e-11,-0.017810407990551315
7.165e-11,-0.011148855049598765
7.170000000000001e-11,-0.003396789448619347
7.175e-11,0.004624547281563842
7.18e-11,0.012066485988537327
7.185e-11,0.018150730766849404
7.19e-11,0.022258508956309042
7.195000000000001e-11,0.024000065197684023
7.2e-11,0.023256033932018253
7.205e-11,0.020185863691491206
7.21e-11,0.015202712551523381
7.215e-11,0.008918513895156849
7.220000000000001e-11,0.002066651324608459
7.225e-11,-0.004587613290068445
7.23e-11,-0.010337490838524597
7.235e-11,-0.014614537405326799
7.24e-11,-0.01704847411244527
7.245e-11,-0.017500276081416046
7.250000000000001e-11,-0.016065537504584452
7.255e-11,-0.01304907360079919
7.26e-11,-0.008915398225246734
7.265e-11,-0.004222627725616102
7.27e-11,0.00045086134984136214
7.275000000000001e-11,0.004577248968941906
7.28e-11,0.007738684258855578
7.285e-11,0.009668462416903827
7.29e-11,0.010269995344029795
7.295e-11,0.009612840171193304
7.3e-11,0.007908183601404613
7.305e-11,0.00546877465388155
7.31e-11,0.002660014971547003
7.315e-11,-0.0001504396313018404
7.32e-11,-0.002637666476504267
7.325e-11,-0.004553566091229453
7.330000000000001e-11,-0.005746668078062549
7.335e-11,-0.006166686880772437
7.34e-11,-0.005855212137582751
7.345e-11,-0.004925839157467981
7.35e-11,-0.00353826470629916
7.355000000000001e-11,-0.0018712472804503929
7.36e-11,-9.885961988010548e-05
7.365e-11,0.001626716577293572
7.37e-11,0.0031842381262402234
7.375e-11,0.004484449978698368
7.38e-11,0.005464887709042396
7.385000000000001e-11,0.006081308011476927
7.39e-11,0.006299090458222734
7.395e-11,0.006087697806880666
7.4e-11,0.005420366657438005
7.405e-11,0.004279809647294642
7.410000000000001e-11,0.0026691162845306707
7.415e-11,0.0006255534514826318
7.42e-11,-0.001766114451267789
7.425e-11,-0.004364611665993941
7.43e-11,-0.006970958598735309
7.435000000000001e-11,-0.009337558813886943
7.44e-11,-0.011188365847486524
7.445e-11,-0.012248930779555231
7.45e-11,-0.012283123534466348
7.455e-11,-0.01113165779066426
7.46e-11,-0.00874654652701861
7.465000000000001e-11,-0.005215495768174295
7.47e-11,-0.0007710981174591079
7.475e-11,0.004218548506706426
7.48e-11,0.009278712128263892
7.485e-11,0.01387448567122027
7.490000000000001e-11,0.017470168606694897
7.495e-11,0.019594625338096406
7.5e-11,0.019904250720811298
7.505e-11,0.018234870894950347
7.51e-11,0.014634834863777726
7.515000000000001e-11,0.009373638545426811
7.52e-11,0.002923423463543923
7.525e-11,-0.0040857821460903426
7.53e-11,-0.010932641472616134
7.535e-11,-0.01688535632795526
7.54e-11,-0.021287034262977046
7.545000000000001e-11,-0.023634877685277243
7.55e-11,-0.02364296726479538
7.555e-11,-0.02128027333387784
7.56e-11,-0.016778557374066555
7.565e-11,-0.010608628846023005
7.570000000000001e-11,-0.0034274936715915213
7.575e-11,0.003997281556548249
7.58e-11,0.010876679029030804
7.585e-11,0.016491728237943863
7.59e-11,0.020275993549094908
7.595000000000001e-11,0.021878839450532882
7.6e-11,0.021201792868507336
7.605e-11,0.01840384831496104
7.61e-11,0.01387560145006166
7.615e-11,0.008186100287234137
7.62e-11,0.002009731087675095
7.625000000000001e-11,-0.0039571461685680735
7.63e-11,-0.009079035911711813
7.635e-11,-0.012853232537162295
7.64e-11,-0.014962204316318294
7.645e-11,-0.015300656743331134
7.650000000000001e-11,-0.01397502095114499
7.655e-11,-0.011276810023290944
7.66e-11,-0.0076346438666142
7.665e-11,-0.0035523124674179535
7.67e-11,0.0004582965158525237
7.675e-11,0.003940393303955744
7.680000000000001e-11,0.006543646434364609
7.685e-11,0.00805784083528835
7.69e-11,0.008425749885973492
7.695e-11,0.007735184595213715
7.7e-11,0.006193044127124559
7.705000000000001e-11,0.004086465692502491
7.71e-11,0.0017375615532979794
7.715e-11,-0.0005414151995082171
7.72e-11,-0.002486306072019892
7.725e-11,-0.003908046733572683
7.730000000000001e-11,-0.00470590100443768
7.735e-11,-0.004866720710364062
7.74e-11,-0.004452182501360978
7.745e-11,-0.0035776200815167028
7.75e-11,-0.0023870095906998127
7.755e-11,-0.001028770383078961
7.760000000000001e-11,0.0003636520564765841
7.765e-11,0.0016837840372480035
7.77e-11,0.002855763933445311
7.775e-11,0.0038304354531454882
7.78e-11,0.004576187915566043
7.785000000000001e-11,0.005067793764527018
7.79e-11,0.0052767597603737455
7.795e-11,0.005166246700018301
7.8e-11,0.0046925158691901
7.805e-11,0.0038133356668082477
7.810000000000001e-11,0.0025021145393097225
7.815e-11,0.000765031886304789
7.82e-11,-0.0013425921185229032
7.825e-11,-0.003704797978083213
7.83e-11,-0.006142039394098592
7.835e-11,-0.008419287120064168
7.840000000000001e-11,-0.010265920793338067
7.845e-11,-0.01140607187258796
7.85e-11,-0.011596038358759499
7.855e-11,-0.010663734048385479
7.86e-11,-0.00854416960773308
7.865000000000001e-11,-0.005304899914889917
7.87e-11,-0.0011562860938056183
7.875e-11,0.0035567678821075478
7.88e-11,0.00838246181709538
7.885e-11,0.012807177903720731
7.890000000000001e-11,0.01631331684369451
7.895e-11,0.018442999204823483
7.9e-11,0.01885938966556201
7.905e-11,0.017397166935918848
7.91e-11,0.014094633486684393
7.915e-11,0.009202052169726044
7.920000000000001e-11,0.003163758068105676
7.925e-11,-0.0034249661319642522
7.93e-11,-0.009881816651785925
7.935e-11,-0.015514797738838976
7.94e-11,-0.01970350377433947
7.945000000000001e-11,-0.02197408199965012
7.95e-11,-0.022058154283857056
7.955e-11,-0.01992785510823115
7.96e-11,-0.015802115852832994
7.965e-11,-0.0101230011779161
7.970000000000001e-11,-0.0035047867299373855
7.975e-11,0.0033379708633816197
7.98e-11,0.009674369643255668
7.985e-11,0.014842539998709848
7.99e-11,0.018325743617384087
7.995e-11,0.019809740351589424
8.000000000000001e-11,0.01921448415797228
8.005e-11,0.016696621355888428
8.01e-11,0.01262310243130979
8.015e-11,0.007519955901781336
8.02e-11,0.0020034025244336073
8.025000000000001e-11,-0.003297405432504402
8.03e-11,-0.0078159192330416
8.035e-11,-0.011112459998738415
8.04e-11,-0.012919494263641366
8.045e-11,-0.013162996974967383
8.05e-11,-0.011958345366433339
8.055000000000001e-11,-0.009582634480545261
8.06e-11,-0.006428353848439356
8.065e-11,-0.002945605052807558
8.07e-11,0.00041881040012562435
8.075e-11,0.003277161260081434
8.080000000000001e-11,0.005344348215752114
8.085e-11,0.006464319757592601
8.09e-11,0.00661710989652231
8.095e-11,0.005907127962978149
8.1e-11,0.004535926882638868
8.105000000000001e-11,0.0027646397205253383
8.11e-11,0.0008723487940790159
8.115e-11,-0.0008832739461766542
8.12e-11,-0.0022975970371001643
8.125e-11,-0.0032391181463198642
8.13e-11,-0.0036563127526981526
8.135000000000001e-11,-0.003571767385619089
8.14e-11,-0.00306609563958392
8.145e-11,-0.0022555562839464186
8.15e-11,-0.0012679599624066857
8.155e-11,-0.0002212938939363138
8.160000000000001e-11,0.0007914192163627676
8.165e-11,0.0017089895016674974
8.17e-11,0.0025003784388884557
8.175e-11,0.0031559147278337023
8.18e-11,0.003674234450274205
8.185000000000001e-11,0.0040485655151886015
8.19e-11,0.004256046150659192
8.195e-11,0.004253104700407228
8.2e-11,0.003978653346614443
8.205e-11,0.0033651905534100098
8.21e-11,0.00235616539953662
8.215000000000001e-11,0.0009264510770037854
8.22e-11,-0.0008982097881665353
8.225e-11,-0.003027186277600081
8.23e-11,-0.005300219158593599
8.235e-11,-0.007494512418701635
8.240000000000001e-11,-0.009344340014600407
8.245e-11,-0.01057170192230014
8.25e-11,-0.010924482590822453
8.255e-11,-0.010216906548709532
8.26e-11,-0.008366151661074772
8.265000000000001e-11,-0.005418968617331867
8.27e-11,-0.0015631250173086225
8.275e-11,0.0028796502003318337
8.28e-11,0.007480039733870354
8.285e-11,0.011744841175612464
8.29e-11,0.015173322853724587
8.295000000000001e-11,0.017319391378860384
8.3e-11,0.017851444534637644
8.305e-11,0.016601607570422346
8.31e-11,0.013597060543684281
8.315e-11,0.009068261404708506
8.320000000000001e-11,0.0034317929216627916
8.325e-11,-0.0027510788797550745
8.33e-11,-0.008835716348971111
8.335e-11,-0.014168044946224267
8.34e-11,-0.018161950464116335
8.345000000000001e-11,-0.020370270259266396
8.350000000000001e-11,-0.02054013267776138
8.355e-11,-0.018645289978443634
8.36e-11,-0.014891007139371639
8.365e-11,-0.009690621684079116
8.37e-11,-0.0036165943991359737
8.375000000000001e-11,0.0026677812272969384
8.38e-11,0.00848731332011189
8.385e-11,0.013234429103500438
8.39e-11,0.016439204135479044
8.395e-11,0.017821169694439105
8.400000000000001e-11,0.01731665946754138
8.405e-11,0.015078756359506203
8.41e-11,0.011450543471279757
8.415e-11,0.006915845665918916
8.42e-11,0.00203449417132776
8.425e-11,-0.0026290229500138466
8.430000000000001e-11,-0.006574077404717274
8.435e-11,-0.009420850305586448
8.44e-11,-0.010948858500466733
8.445e-11,-0.011112949739507064
8.45e-11,-0.010035868270763585
8.455000000000001e-11,-0.007979698489328715
8.46e-11,-0.005301246219774455
8.465e-11,-0.0023983429683419972
8.47e-11,0.00034508351055496494
8.475e-11,0.002607618027403585
8.480000000000001e-11,0.004166437936307968
8.485e-11,0.004916818110521628
8.49e-11,0.00487364073903783
8.495e-11,0.004156172541243063
8.5e-11,0.00295971181981234
8.505e-11,0.0015193722048918315
8.510000000000001e-11,7.204193797292089e-05
8.515e-11,-0.0011776352704511194
8.52e-11,-0.00208249071579197
8.525e-11,-0.0025662577604878374
8.53e-11,-0.002624297055712308
8.535000000000001e-11,-0.0023128470823311127
8.54e-11,-0.0017298193197606666
8.545e-11,-0.0009913394581992016
8.55e-11,-0.00020864006034364315
8.555e-11,0.0005304992654620546
8.560000000000001e-11,0.0011726905443203213
8.565e-11,0.0017008003030074498
8.57e-11,0.0021271023592791495
8.575e-11,0.0024797843106188467
8.58e-11,0.00278614888911641
8.585e-11,0.003056484749006987
8.590000000000001e-11,0.003272459302902327
8.595e-11,0.0033830280403382247
8.6e-11,0.0033094070205892776
8.605e-11,0.0029588682288652956
8.61e-11,0.0022453040378981872
8.615000000000001e-11,0.0011129907277573614
8.62e-11,-0.0004409577831285621
8.625e-11,-0.0023501267589883363
8.63e-11,-0.004472348880796066
8.635e-11,-0.006595866354116901
8.640000000000001e-11,-0.008458735621349073
8.645000000000001e-11,-0.0097798777538745
8.65e-11,-0.010298057236671609
8.655e-11,-0.009813411673255671
8.66e-11,-0.008225250353555116
8.665e-11,-0.005559877486154206
8.670000000000001e-11,-0.0019832212603038894
8.675e-11,0.00220504572462761
8.68e-11,0.006596675874833364
8.685e-11,0.010717282458578883
8.69e-11,0.01408135568072325
8.695000000000001e-11,0.01625305896734545
8.7e-11,0.016904779838316963
8.705e-11,0.015865290060600227
8.71e-11,0.013150416307072794
8.715e-11,0.008971224968801312
8.720000000000001e-11,0.0037176143499679385
8.725000000000001e-11,-0.002081506809665837
8.73e-11,-0.007817052007051711
8.735e-11,-0.012870496723665041
8.74e-11,-0.01668763532230628
8.745e-11,-0.01884586495082208
8.750000000000001e-11,-0.01910619632160491
8.755e-11,-0.017443093761577672
8.76e-11,-0.014048111157981442
8.765e-11,-0.009306727001089561
8.77e-11,-0.003751317673907958
8.775000000000001e-11,0.0020036457542404245
8.78e-11,0.0073357712057056535
8.785e-11,0.011688707729487892
8.79e-11,0.014636440678579384
8.795e-11,0.015929867730194003
8.8e-11,0.015520078088686266
8.805000000000001e-11,0.013555948831182794
8.81e-11,0.01035712959200252
8.815e-11,0.006366726375102797
8.82e-11,0.0020905716554261416
8.825e-11,-0.001968463482833691
8.830000000000001e-11,-0.005372294195708893
8.835e-11,-0.0077976217234009765
8.84e-11,-0.009068075592516043
8.845e-11,-0.009165162255223925
8.85e-11,-0.008217743002874447
8.855000000000001e-11,-0.006472738243905397
8.86e-11,-0.004252223198643321
8.865e-11,-0.00190370580756113
8.87e-11,0.000249041715425938
8.875e-11,0.0019477341040464967
8.88e-11,0.0030285214760843253
8.885000000000001e-11,0.0034349396329969605
8.89e-11,0.003214214074805349
8.895e-11,0.0024987775288495763
8.9e-11,0.0014769532084652176
8.905e-11,0.0003581332202876692
8.910000000000001e-11,-0.0006617359696502579
8.915e-11,-0.001428996451102806
8.92e-11,-0.001851352182818283
8.925e-11,-0.0019049253713883008
8.93e-11,-0.0016291637662257123
8.935000000000001e-11,-0.0011114950043445572
8.94e-11,-0.00046523870206129195
8.945e-11,0.000194762809919016
8.95e-11,0.0007741842295407204
8.955e-11,0.001214968193016455
8.96e-11,0.0015021500225496553
8.965000000000001e-11,0.0016608710762386894
8.97e-11,0.001744568832702904
8.975e-11,0.001817000512391626
8.98e-11,0.0019319317471284932
8.985e-11,0.0021147977127443478
8.990000000000001e-11,0.002350334693266517
8.995e-11,0.0025791316791116486
9e-11,0.002704436757017895
9.005e-11,0.0026086426616324233
9.01e-11,0.0021769955905587847
9.015000000000001e-11,0.0013245485368321825
9.020000000000001e-11,2.148993754637353e-05
9.025e-11,-0.001688103201721261
9.03e-11,-0.0036782644739749206
9.035e-11,-0.0057465297713861115
9.04e-11,-0.007633284500003611
9.045000000000001e-11,-0.00905332897289347
9.05e-11,-0.009735766475505375
9.055e-11,-0.00946665817011317
9.06e-11,-0.008128015954004553
9.065e-11,-0.0057267941732392835
9.070000000000001e-11,-0.0024086245712878363
9.075e-11,0.0015470068215559434
9.08e-11,0.005750878859328377
9.085e-11,0.009745380717827634
9.09e-11,0.01305837552730246
9.095e-11,0.015262807194960966
9.100000000000001e-11,0.016034108259680522
9.105e-11,0.015197403004304309
9.11e-11,0.012757585569697897
9.115e-11,0.008907464616741047
9.12e-11,0.0040120276159641656
9.125000000000001e-11,-0.0014299032017205907
9.13e-11,-0.006842227164541654
9.135e-11,-0.011639355518242538
9.14e-11,-0.015296593421579826
9.145e-11,-0.0174139745355646
9.150000000000001e-11,-0.017765165301752404
9.155e-11,-0.0163249719663617
9.16e-11,-0.013271800087514477
9.165e-11,-0.00896474482931318
9.17e-11,-0.003898367738025481
9.175e-11,0.0013588288842065466
9.180000000000001e-11,0.006234096264385714
9.185e-11,0.010219170365382314
9.19e-11,0.012929166163751676
9.195e-11,0.014144227396767734
9.2e-11,0.013828980402254236
9.205000000000001e-11,0.012127930317360603
9.21e-11,0.009338218804428507
9.215e-11,0.005864171478783122
9.22e-11,0.0021603832420330634
9.225e-11,-0.0013285906136414377
9.230000000000001e-11,-0.004223712574398857
9.235e-11,-0.006254882811408221
9.24e-11,-0.0072870510677903195
9.245e-11,-0.0073264171914287635
9.25e-11,-0.006507031113937585
9.255e-11,-0.005060855486338435
9.260000000000001e-11,-0.003276550801336822
9.265e-11,-0.0014535824208538586
9.27e-11,0.0001414343849893458
9.275e-11,0.0013099505261911257
9.28e-11,0.0019436613082524528
9.285000000000001e-11,0.0020312622828784197
9.29e-11,0.001649867411164577
9.295e-11,0.0009435125278009315
9.3e-11,9.302103487742924e-05
9.305e-11,-0.0007173897337880046
9.310000000000001e-11,-0.0013311773016639681
9.315000000000001e-11,-0.0016433232488778573
9.32e-11,-0.0016135115463570084
9.325e-11,-0.0012671258295523238
9.33e-11,-0.0006846652314014672
9.335e-11,1.7890887715913727e-05
9.340000000000001e-11,0.0007137984582627053
9.345e-11,0.0012906485620190974
9.35e-11,0.0016712507039838233
9.355e-11,0.0018265821403813443
9.36e-11,0.0017785972602950794
9.365000000000001e-11,0.001592567172020688
9.37e-11,0.0013605389543944139
9.375e-11,0.0011791389130539718
9.38e-11,0.0011260146845326422
9.385e-11,0.0012395307077788034
9.390000000000001e-11,0.001505838343835285
9.395000000000001e-11,0.001856208909611121
9.4e-11,0.002175742597065258
9.405e-11,0.0023225394946840908
9.41e-11,0.0021544785306675867
9.415e-11,0.0015592265501591916
9.420000000000001e-11,0.0004822621304543148
9.425e-11,-0.0010522896383389937
9.43e-11,-0.0029323255263157227
9.435e-11,-0.004962595248217782
9.44e-11,-0.00688417543631953
9.445000000000001e-11,-0.008406694213291117
9.45e-11,-0.009249221466905974
9.455e-11,-0.009184083445586525
9.46e-11,-0.008077023154689883
9.465e-11,-0.005917274305505597
9.47e-11,-0.002832262677387746
9.475000000000001e-11,0.0009163427252934231
9.48e-11,0.004955909301054698
9.485e-11,0.00884331798776267
9.49e-11,0.012117889130031725
9.495e-11,0.014359987834907677
9.500000000000001e-11,0.01524743209195239
9.505e-11,0.014601822280019213
9.51e-11,0.012418039712764567
9.515e-11,0.008872288970243393
9.52e-11,0.004306899128287295
9.525000000000001e-11,-0.000806741569403829
9.53e-11,-0.005922711627489011
9.535e-11,-0.010485668393005024
9.54e-11,-0.013998125485925434
9.545e-11,-0.016081080214139322
9.55e-11,-0.01651999926561706
9.555000000000001e-11,-0.01529010463644384
9.56e-11,-0.012557677777602765
9.565e-11,-0.008657329421966214
9.57e-11,-0.004048411453673428
9.575e-11,0.0007434779486503458
9.580000000000001e-11,0.005192011125153039
9.585e-11,0.008833958066508177
9.59e-11,0.01132299759891512
9.595e-11,0.012466715481622294
9.6e-11,0.012242433838753416
9.605000000000001e-11,0.010790511195146303
9.610000000000001e-11,0.008386866958103801
9.615e-11,0.005399274372975444
9.62e-11,0.002234041883835607
9.625e-11,-0.0007192151512389541
9.63e-11,-0.003137052461675103
9.635000000000001e-11,-0.004799394814116976
9.64e-11,-0.005609948676185631
9.645e-11,-0.005597923097687318
9.65e-11,-0.004901928445461841
9.655e-11,-0.0037394631033654726
9.660000000000001e-11,-0.0023673356023591226
9.665e-11,-0.001039435957070032
9.67e-11,3.1665059516382913e-05
9.675e-11,0.0007037224373997344
9.68e-11,0.0009205816860847928
9.685000000000001e-11,0.0007130900156320524
9.690000000000001e-11,0.0001859344403872009
9.695e-11,-0.0005066388061886565
9.7e-11,-0.0011916450871404306
9.705e-11,-0.0017093071543996217
9.71e-11,-0.0019407696111332874
9.715000000000001e-11,-0.0018271454400684143
9.72e-11,-0.0013770680900700972
9.725e-11,-0.000661946488684815
9.73e-11,0.0001997794617680554
9.735e-11,0.0010662527337743106
9.740000000000001e-11,0.001799282625135783
9.745e-11,0.002289991896912557
9.75e-11,0.0024784529831204825
9.755e-11,0.0023638442561569346
9.76e-11,0.002003347825432876
9.765000000000001e-11,0.0015000011601881012
9.770000000000001e-11,0.0009816724258463303
9.775e-11,0.0005749252963246787
9.78e-11,0.0003785029028639797
9.785e-11,0.00044132453031798743
9.79e-11,0.0007492148105839837
9.795000000000001e-11,0.001223172877840781
9.8e-11,0.0017300601389603377
9.805e-11,0.002104449938359875
9.81e-11,0.0021783896708108034
9.815e-11,0.001814308682056365
9.820000000000001e-11,0.0009355264575993537
9.825e-11,-0.0004510752551885843
9.83e-11,-0.0022446451727251523
9.835e-11,-0.00425487589305821
9.84e-11,-0.00622181393755227
9.845e-11,-0.007848901034081847
9.850000000000001e-11,-0.008844958905977298
9.855e-11,-0.008969182886925458
9.86e-11,-0.008072414705462421
9.865e-11,-0.006128173876190007
9.87e-11,-0.0032481418285338205
9.875000000000001e-11,0.0003211392542268813
9.88e-11,0.004220956231333502
9.885e-11,0.00802028453227998
9.89e-11,0.011268005255811616
9.895e-11,0.013550695072318505
9.900000000000001e-11,0.014548159642510106
9.905e-11,0.0140789405802985
9.91e-11,0.012129204913938164
9.915e-11,0.008860575655670059
9.92e-11,0.0045952888201269936
9.925e-11,-0.00021983074486371903
9.930000000000001e-11,-0.005066137564366398
9.935e-11,-0.009415881720651819
9.94e-11,-0.012796646389517014
9.945e-11,-0.014848988478834119
9.95e-11,-0.015369658733764325
9.955000000000001e-11,-0.014334735000918723
9.96e-11,-0.011899745676622539
9.965e-11,-0.008376999988659201
9.97e-11,-0.0041934317611263825
9.975e-11,0.00016513342954456992
9.980000000000001e-11,0.004215626044068849
9.985000000000001e-11,0.007536973083235211
9.99e-11,0.009819120201746995
9.995e-11,0.010895617991255399
1e-10,0.010755986869192396
1.0005e-10,0.009536982916449123
1.0010000000000001e-10,0.007494845199456251
1.0015e-10,0.004963187487829489
1.002e-10,0.002303039950466701
1.0025e-10,-0.00014759963358258898
1.003e-10,-0.0021175795479000063
1.0035000000000001e-10,-0.003433906003997043
1.004e-10,-0.004036757492828985
1.0045e-10,-0.003976960418893182
1.005e-10,-0.003397329803006425
1.0055e-10,-0.0025016169198306343
1.0060000000000001e-10,-0.0015164950134115651
1.0065000000000001e-10,-0.0006528188908307614
1.007e-10,-7.221821029601082e-05
1.0075e-10,0.00013601661370883498
1.008e-10,-3.537333693744255e-05
1.0085e-10,-0.0005162196026713993
1.0090000000000001e-10,-0.001176384442142986
1.0095e-10,-0.0018526159938378976
1.01e-10,-0.002379941357511621
1.0105e-10,-0.002622156249684505
1.011e-10,-0.002496282420011132
1.0115000000000001e-10,-0.001987003107989003
1.012e-10,-0.0011488540260409501
1.0125e-10,-9.604683943034808e-05
1.013e-10,0.0010181114808690036
1.0135e-10,0.00202850631859934
1.0140000000000001e-10,0.002787411736956389
1.0145000000000001e-10,0.003190504210029567
1.015e-10,0.003195162149879412
1.0155e-10,0.0028278377940647768
1.016e-10,0.0021791477308068857
1.0165e-10,0.0013874244272133707
1.0170000000000001e-10,0.0006134590766823123
1.0175e-10,1.0717195453780277e-05
1.018e-10,-0.0003038373924819835
1.0185e-10,-0.0002731665261491015
1.019e-10,8.646212482287286e-05
1.0195000000000001e-10,0.0006848439357821801
1.02e-10,0.0013705850852171366
1.0205e-10,0.001955623146281509
1.021e-10,0.0022478779022789283
1.0215e-10,0.0020868870487835687
1.022e-10,0.0013765683386432377
1.0225000000000001e-10,0.00010946163741154187
1.023e-10,-0.0016220670505178699
1.0235e-10,-0.0036302854811431093
1.024e-10,-0.00565246609753999
1.0245e-10,-0.007384908767631767
1.0250000000000001e-10,-0.008526109687788403
1.0255e-10,-0.008822940379182203
1.026e-10,-0.008112955557276612
1.0265e-10,-0.006356228256417148
1.027e-10,-0.0036514009050210936
1.0275000000000001e-10,-0.00023277397403565725
1.0280000000000001e-10,0.003552069875786837
1.0285e-10,0.007281775756217577
1.029e-10,0.010512959741776644
1.0295e-10,0.012837362516058179
1.03e-10,0.013936614118425556
1.0305000000000001e-10,0.013626940404505563
1.031e-10,0.011887378465977216
1.0315e-10,0.008867248710957603
1.032e-10,0.004871452303921586
1.0325e-10,0.00032522408319088744
1.0330000000000001e-10,-0.004277165744757584
1.0335e-10,-0.008433015741331314
1.034e-10,-0.01169304302246881
1.0345e-10,-0.013716232417359605
1.035e-10,-0.014310409471275277
1.0355000000000001e-10,-0.013453250007951058
1.0360000000000001e-10,-0.011291158274151772
1.0365e-10,-0.008116504703294919
1.037e-10,-0.004326674335245858
1.0375e-10,-0.0003708162227573489
1.038e-10,0.003308240288201761
1.0385000000000001e-10,0.006328939340838648
1.039e-10,0.008415496356195018
1.0395e-10,0.009426275159258772
1.04e-10,0.009362807953263773
1.0405e-10,0.008359050820296579
1.0410000000000001e-10,0.006653278842516466
1.0415e-10,0.004547409528720918
1.042e-10,0.002360162081158313
1.0425e-10,0.00038109373903953876
1.043e-10,-0.0011678660240770882
1.0435000000000001e-10,-0.0021581479459859263
1.0440000000000001e-10,-0.0025644248748541904
1.0445e-10,-0.00245804026785286
1.045e-10,-0.0019859011262512737
1.0455e-10,-0.001338897803942794
1.046e-10,-0.000715364389953606
1.0465000000000001e-10,-0.00028564653634938734
1.047e-10,-0.0001634359042646817
1.0475e-10,-0.00038824841064910917
1.048e-10,-0.0009214874617033339
1.0485e-10,-0.0016562613054733246
1.0490000000000001e-10,-0.002438880440933966
1.0495e-10,-0.003098101165319469
1.05e-10,-0.003476993687564144
1.0505e-10,-0.0034619765899717003
1.051e-10,-0.00300411564787526
1.0515000000000001e-10,-0.002129133765346097
1.0520000000000001e-10,-0.0009344945032955268
1.0525e-10,0.00042590984730971147
1.053e-10,0.001766866069284845
1.0535e-10,0.002902510277038595
1.054e-10,0.0036773922803107423
1.0545000000000001e-10,0.0039926812308752795
1.055e-10,0.003823040609988645
1.0555e-10,0.003221222696178978
1.056e-10,0.002309452227105531
1.0565e-10,0.0012588612081268628
1.0570000000000001e-10,0.0002602471171296008
1.0575000000000001e-10,-0.0005090730190314135
1.058e-10,-0.000916799362280584
1.0585e-10,-0.0009002123290834658
1.059e-10,-0.0004794255124959143
1.0595e-10,0.00024325179225793956
1.0600000000000001e-10,0.0010982074114528327
1.0605e-10,0.0018757112056237502
1.061e-10,0.002361357313963145
1.0615e-10,0.0023742494822351565
1.062e-10,0.0018017756284946494
1.0625000000000001e-10,0.0006251385401304398
1.063e-10,-0.0010689370135483324
1.0635e-10,-0.0030928881774613575
1.064e-10,-0.005179480265915982
1.0645e-10,-0.00701697959368854
1.0650000000000001e-10,-0.00829359297333781
1.0655000000000001e-10,-0.008744828016648203
1.066e-10,-0.00819674184084378
1.0665e-10,-0.006598404648909486
1.067e-10,-0.004038278479735611
1.0675e-10,-0.0007414156980094533
1.0680000000000001e-10,0.0029528962660980767
1.0685e-10,0.00663057336676003
1.069e-10,0.009854239724260763
1.0695e-10,0.012219914806571777
1.07e-10,0.013411096816004286
1.0705000000000001e-10,0.01324266476602142
1.071e-10,0.01168832501941976
1.0715e-10,0.008887548272047354
1.072e-10,0.0051307663176142415
1.0725e-10,0.0008246201479914462
1.0730000000000001e-10,-0.0035581633997918256
1.0735000000000001e-10,-0.0075375426194163805
1.074e-10,-0.010685658241715822
1.0745e-10,-0.012679059491539739
1.075e-10,-0.013336714809104148
1.0755e-10,-0.012638890583007401
1.0760000000000001e-10,-0.010724685638898909
1.0765e-10,-0.00786899667881855
1.077e-10,-0.004442527937307765
1.0775e-10,-0.0008607399382251082
1.078e-10,0.0024709645262084344
1.0785000000000001e-10,0.005208184202920951
1.079e-10,0.007107724673211418
1.0795e-10,0.008051930465115164
1.08e-10,0.008054440549756302
1.0805e-10,0.007247422535525017
1.0810000000000001e-10,0.005853014557272855
1.0815000000000001e-10,0.00414389953044789
1.082e-10,0.0023993392831590573
1.0825e-10,0.0008634155250725506
1.083e-10,-0.0002883787726117551
1.0835e-10,-0.0009695647800553593
1.0840000000000001e-10,-0.0011876547570134953
1.0845e-10,-0.0010336939861294206
1.085e-10,-0.0006587841526764702
1.0855e-10,-0.00024196383869529292
1.086e-10,4.495620188876263e-05
1.0865000000000001e-10,6.96950778168085e-05
1.087e-10,-0.00023633493437568584
1.0875e-10,-0.0008658225805592221
1.088e-10,-0.0017370893224870926
1.0885e-10,-0.0027088500726406596
1.0890000000000001e-10,-0.0036055233119262897
1.0895000000000001e-10,-0.004248701519099497
1.09e-10,-0.004489413470127173
1.0905e-10,-0.004235711106123248
1.091e-10,-0.003470905089741101
1.0915e-10,-0.0022593231468163145
1.0920000000000001e-10,-0.0007385219618209357
1.0925e-10,0.0009008851091822082
1.093e-10,0.0024445752227873546
1.0935e-10,0.00368829619440415
1.094e-10,0.004470567707999503
1.0945000000000001e-10,0.004698911761655434
1.0950000000000001e-10,0.004365216562955229
1.0955e-10,0.003547556377408579
1.096e-10,0.0023979606682428658
1.0965e-10,0.0011179055641611084
1.097e-10,-7.467460864896823e-05
1.0975000000000001e-10,-0.0009816150808909722
1.098e-10,-0.0014581238239866486
1.0985e-10,-0.001438203636084017
1.099e-10,-0.0009475395871076076
1.0995e-10,-0.00010142032193166456
1.1000000000000001e-10,0.000912389347651852
1.1005e-10,0.0018634946656755447
1.101e-10,0.0025170087407532763
1.1015e-10,0.0026741076982102676
1.102e-10,0.0022085712976906845
1.1025000000000001e-10,0.0010933135102063987
1.1030000000000001e-10,-0.0005877098155819717
1.1035e-10,-0.0026446949255967286
1.104e-10,-0.00480419258409785
1.1045e-10,-0.00674560218799311
1.105e-10,-0.008146965883273636
1.1055000000000001e-10,-0.008733498256165088
1.106e-10,-0.00832166894199263
1.1065e-10,-0.0068521032966021135
1.107e-10,-0.004406032247747809
1.1075e-10,-0.0012023047616987563
1.1080000000000001e-10,0.002425252007727338
1.1085e-10,0.006067483209689499
1.109e-10,0.009291405858352893
1.1095e-10,0.011696588819744268
1.11e-10,0.012968624243709233
1.1105000000000001e-10,0.012922198091746506
1.1110000000000001e-10,0.011527647255014449
1.1115e-10,0.008917160258166875
1.112e-10,0.005369612410893057
1.1125e-10,0.0012760152423080219
1.113e-10,-0.002909728676988615
1.1135000000000001e-10,-0.006728033249531952
1.114e-10,-0.009770989349220806
1.1145e-10,-0.01173210825721181
1.115e-10,-0.012441822102101943
1.1155e-10,-0.011884191110131411
1.1160000000000001e-10,-0.01019296635752497
1.1165e-10,-0.007628081314127288
1.117e-10,-0.0045363687550029055
1.1175e-10,-0.0013024284419611697
1.118e-10,0.001703195924072483
1.1185000000000001e-10,0.004171200092824118
1.1190000000000001e-10,0.005889628380125478
1.1195e-10,0.00676428545654176
1.12e-10,0.006821269419365844
1.1205e-10,0.006192141347937209
1.121e-10,0.005084790816975822
1.1215000000000001e-10,0.0037450711718615645
1.122e-10,0.002415471324884177
1.1225e-10,0.0012973001497314362
1.123e-10,0.0005220750528602625
1.1235e-10,0.00013616943964011124
1.1240000000000001e-10,0.00010055409635127199
1.1245000000000001e-10,0.0003050196778975408
1.125e-10,0.000593975885840724
1.1255e-10,0.0007991420191456444
1.126e-10,0.0007734435747475583
1.1265000000000001e-10,0.00042035545262593594
1.1270000000000001e-10,-0.0002862174027009211
1.1275e-10,-0.0012948027782728408
1.128e-10,-0.0024831091063236186
1.1285e-10,-0.0036774956982522627
1.129e-10,-0.004681901588786286
1.1295000000000001e-10,-0.0053114067249164345
1.13e-10,-0.005424822976770315
1.1305e-10,-0.004950845051046557
1.131e-10,-0.0039033110550018733
1.1315e-10,-0.002382866677819618
1.1320000000000001e-10,-0.0005645181578825349
1.1325000000000001e-10,0.0013271515719489161
1.133e-10,0.0030513074131246973
1.1335e-10,0.004387501362065062
1.134e-10,0.005169795005450232
1.1345e-10,0.005312855571319886
1.1350000000000001e-10,0.004825722196049831
1.1355e-10,0.003810847008164053
1.136e-10,0.0024483300321830113
1.1365e-10,0.0009676259363402434
1.137e-10,-0.00038896805934944767
1.1375000000000001e-10,-0.0014053548944285026
1.138e-10,-0.0019270220766660188
1.1385e-10,-0.001887047180688624
1.139e-10,-0.0013183815298988054
1.1395e-10,-0.0003501539461035936
1.1400000000000001e-10,0.0008117866709035304
1.1405000000000001e-10,0.0019173822549519064
1.141e-10,0.0027131083078813082
1.1415e-10,0.0029847218833820586
1.142e-10,0.002595321654391909
1.1425e-10,0.0015125864474493313
1.1430000000000001e-10,-0.0001794243362339365
1.1435e-10,-0.0022862668514797516
1.144e-10,-0.004526597340243402
1.1445e-10,-0.006570161328170545
1.145e-10,-0.008085025304982247
1.1455000000000001e-10,-0.008787258574129668
1.146e-10,-0.008485733549565751
1.1465e-10,-0.007115260011612586
1.147e-10,-0.004752836285798951
1.1475e-10,-0.0016141678012216757
1.1480000000000001e-10,0.0019695710682812676
1.1485000000000001e-10,0.005591886157716751
1.149e-10,0.00882268736957775
1.1495e-10,0.011264510026325048
1.15e-10,0.012605426826871095
1.1505e-10,0.012661238420513506
1.1510000000000001e-10,0.011400997780205447
1.1515e-10,0.008952252378221113
1.152e-10,0.005585240740345206
1.1525e-10,0.0016782411612555055
1.153e-10,-0.0023310905501566755
1.1535000000000001e-10,-0.006001622962834196
1.1540000000000001e-10,-0.008944167040409208
1.1545e-10,-0.010868848878557462
1.155e-10,-0.011618119537381268
1.1555e-10,-0.011181218248346643
1.1560000000000001e-10,-0.009688608232470608
1.1565000000000001e-10,-0.007387774394276316
1.157e-10,-0.004604386799847155
1.1575e-10,-0.0016948133089847914
1.158e-10,0.0010029718496442361
1.1585e-10,0.003213030297525521
1.1590000000000001e-10,0.004753631036450729
1.1595e-10,0.005553826105239791
1.16e-10,0.005652765138932895
1.1605e-10,0.005182726126060679
1.161e-10,0.004339262001308671
1.1615000000000001e-10,0.0033437018551798273
1.1620000000000001e-10,0.0024042329314930434
1.1625e-10,0.0016817909618874467
1.163e-10,0.0012660207661272134
1.1635e-10,0.0011648040441060007
1.1640000000000001e-10,0.0013085756999795556
1.1645e-10,0.001568228042328153
1.165e-10,0.001783216274386864
1.1655e-10,0.0017948701531580197
1.1660000000000002e-10,0.0014791330482575463
1.1665e-10,0.0007731067087000395
1.167e-10,-0.0003091551433873839
1.1675e-10,-0.0016743645277568018
1.168e-10,-0.0031617500765501105
1.1685000000000002e-10,-0.004567042107618233
1.169e-10,-0.005674860795194281
1.1695e-10,-0.006294257823938732
1.17e-10,-0.006291584890847002
1.1705e-10,-0.005615221782509845
1.1710000000000001e-10,-0.004307939435550574
1.1715e-10,-0.0025046064325765713
1.172e-10,-0.0004152679106378874
1.1725e-10,0.0017040317694903178
1.173e-10,0.003588318290461214
1.1735000000000001e-10,0.005002959448772319
1.174e-10,0.005779010121958471
1.1745e-10,0.005839022249138925
1.175e-10,0.005209125095041655
1.1755e-10,0.0040152734080059465
1.176e-10,0.0024640123980983683
1.1765e-10,0.0008105393061870837
1.177e-10,-0.0006811284197885038
1.1775e-10,-0.0017797604260216063
1.178e-10,-0.002323805679979673
1.1785e-10,-0.002247711801640352
1.179e-10,-0.0015933668761599657
1.1795e-10,-0.0005046045465685379
1.18e-10,0.0007946869523747107
1.1805e-10,0.002035753207758185
1.181e-10,0.002948239405453211
1.1815e-10,0.0033049605827321594
1.1820000000000002e-10,0.0029612376399667257
1.1825e-10,0.0018825514595702
1.183e-10,0.0001559248690496202
1.1835e-10,-0.0020171728730946506
1.184e-10,-0.004345843906665831
1.1845000000000001e-10,-0.006489423539266218
1.185e-10,-0.008106233196474766
1.1855e-10,-0.008904394254783517
1.186e-10,-0.008687223173147348
1.1865e-10,-0.007386386339028542
1.1870000000000001e-10,-0.0050776720361376685
1.1875e-10,-0.0019766972161097164
1.188e-10,0.0015852497305972727
1.1885e-10,0.005202145606543335
1.189e-10,0.008445406160653207
1.1895000000000001e-10,0.010920087013399618
1.19e-10,0.012317272588665294
1.1905e-10,0.012455318438447549
1.191e-10,0.011304178461711126
1.1915e-10,0.008989447177695701
1.192e-10,0.0057756267113994965
1.1925e-10,0.0020310665879609943
1.193e-10,-0.0018204074021830725
1.1935e-10,-0.005354333791893138
1.194e-10,-0.008199262690086926
1.1945e-10,-0.010081840435637571
1.195e-10,-0.010857316036464268
1.1955000000000002e-10,-0.010521656416001982
1.196e-10,-0.009204174234899729
1.1965e-10,-0.007142395306508641
1.197e-10,-0.004643403697175326
1.1975e-10,-0.002037734601200721
1.1980000000000002e-10,0.0003672225019065683
1.1985e-10,0.0023275110612765394
1.199e-10,0.003690959963679447
1.1995e-10,0.004409965179001487
1.2e-10,0.004537550964942191
1.2005000000000001e-10,0.004208157325787958
1.201e-10,0.003606907343134157
1.2015e-10,0.0029327765731948325
1.202e-10,0.002361870927902872
1.2025e-10,0.002016813036922293
1.2030000000000001e-10,0.001947088444880037
1.2035e-10,0.002123306321779092
1.204e-10,0.002445993268438611
1.2045e-10,0.0027671374995561784
1.205e-10,0.00292061532477922
1.2055e-10,0.002756191050545625
1.206e-10,0.0021712102979029196
1.2065e-10,0.0011344921439265456
1.207e-10,-0.000301797012275487
1.2075e-10,-0.0020045406650795253
1.208e-10,-0.0037762558891167443
1.2085e-10,-0.005383441116045889
1.209e-10,-0.006592300871145015
1.2095e-10,-0.007206183986060824
1.21e-10,-0.007098691612840441
1.2105e-10,-0.006236994594440453
1.211e-10,-0.004691362097597222
1.2115000000000002e-10,-0.002629021582248104
1.212e-10,-0.0002929161265628011
1.2125e-10,0.002031683202254355
1.213e-10,0.004057791543276229
1.2135e-10,0.005538415411630625
1.2140000000000002e-10,0.006302938718534247
1.2145e-10,0.00628250164087253
1.215e-10,0.005520302395969054
1.2155e-10,0.004165024936472675
1.216e-10,0.0024481783229168795
1.2165000000000001e-10,0.0006486294105384128
1.217e-10,-0.00095036778248358
1.2175e-10,-0.0021051131150705417
1.218e-10,-0.002649600653956713
1.2185e-10,-0.0025218888476291846
1.2190000000000001e-10,-0.001774461782993333
1.2195e-10,-0.0005667478152111218
1.22e-10,0.0008593193927028216
1.2205e-10,0.002217192337701708
1.221e-10,0.0032214287469498554
1.2215e-10,0.0036343230119207657
1.222e-10,0.0033062801124795547
1.2225e-10,0.002203593976773422
1.223e-10,0.0004190968412977035
1.2235e-10,-0.0018363384987060837
1.224e-10,-0.0042606075596722925
1.2245e-10,-0.006501891575302796
1.2250000000000002e-10,-0.008209018362752602
1.2255e-10,-0.009083387211783192
1.226e-10,-0.008924831316162616
1.2265e-10,-0.007664572266405971
1.227e-10,-0.005380222524328726
1.2275000000000002e-10,-0.002290353029054357
1.228e-10,0.0012709108850867154
1.2285e-10,0.004895904934745702
1.229e-10,0.0081562717607134
1.2295e-10,0.010659269912934555
1.2300000000000001e-10,0.012099660802538187
1.2305e-10,0.012299915154627125
1.231e-10,0.011233158081858766
1.2315e-10,0.00902575144643453
1.232e-10,0.005939326868315096
1.2325000000000001e-10,0.0023350029291741028
1.233e-10,-0.0013749823358615073
1.2335e-10,-0.004781280478688205
1.234e-10,-0.0075294570653995745
1.2345e-10,-0.009362840379271872
1.2350000000000001e-10,-0.010150478207787637
1.2355e-10,-0.00989676919529858
1.236e-10,-0.008732075619087091
1.2365e-10,-0.006886408182637618
1.237e-10,-0.004650684843436926
1.2375e-10,-0.0023317505038674283
1.238e-10,-0.0002080625973329551
1.2385e-10,0.0015073913128783054
1.239e-10,0.002691702680190282
1.2395e-10,0.0033210271684187553
1.24e-10,0.0034633171600364993
1.2405e-10,0.003256730365925612
1.2410000000000002e-10,0.002877840269719532
1.2415e-10,0.00250527507727577
1.242e-10,0.0022849932102650197
1.2425e-10,0.0023029871011597293
1.243e-10,0.002569871456730731
1.2435000000000002e-10,0.003019778715023756
1.244e-10,0.0035235823097772277
1.2445e-10,0.003914082543121264
1.245e-10,0.004018800714577698
1.2455e-10,0.0036947509383048922
1.2460000000000001e-10,0.002859198639104608
1.2465e-10,0.0015110278555631944
1.247e-10,-0.000261169989293611
1.2475e-10,-0.002286040377657352
1.248e-10,-0.00433075979671617
1.2485000000000001e-10,-0.006133640449043961
1.249e-10,-0.0074431080098011325
1.2495e-10,-0.0080569798555912
1.25e-10,-0.007855787101083743
1.2505e-10,-0.006824690017256273
1.251e-10,-0.005060217190851476
1.2515e-10,-0.0027603602587079248
1.252e-10,-0.0001991249282603491
1.2525e-10,0.0023109231200290417
1.253e-10,0.004462653838499794
1.2535e-10,0.005998340086856412
1.254e-10,0.006746921176090806
1.2545000000000002e-10,0.006648811058378468
1.255e-10,0.005764322378371607
1.2555e-10,0.004264229062619302
1.256e-10,0.002403700110942674
1.2565e-10,0.0004833921498519956
1.2570000000000002e-10,-0.0011965057853916938
1.2575e-10,-0.0023823383883538342
1.258e-10,-0.0029061278265350788
1.2585e-10,-0.002711738210562726
1.259e-10,-0.0018639154766203338
1.2595000000000001e-10,-0.0005386223591741098
1.26e-10,0.0010040773386358265
1.2605e-10,0.002460655205360486
1.261e-10,0.003532236352507647
1.2615e-10,0.003972943101906971
1.2620000000000001e-10,0.003631075932515892
1.2625e-10,0.0024767262645840195
1.263e-10,0.0006113754868937428
1.2635e-10,-0.0017423151315908412
1.264e-10,-0.004269370935692127
1.2645000000000001e-10,-0.006606068133267021
1.265e-10,-0.00839199462958406
1.2655e-10,-0.009323066311500237
1.266e-10,-0.009197725889590246
1.2665e-10,-0.007949468670879043
1.267e-10,-0.005660775267373947
1.2675e-10,-0.0025562022906614767
1.268e-10,0.0010246046249170453
1.2685e-10,0.004670300262731832
1.269e-10,0.007951577797186464
1.2695e-10,0.010477705323383872
1.27e-10,0.011947916657801375
1.2705000000000002e-10,0.012190474635095302
1.271e-10,0.011184027724774098
1.2715e-10,0.009058452910593607
1.272e-10,0.006075336024794959
1.2725e-10,0.002591146719983599
1.2730000000000002e-10,-0.0009914085388828928
1.2735e-10,-0.004276778424191252
1.274e-10,-0.0069270911055653
1.2745e-10,-0.008702786731540861
1.275e-10,-0.009487942663150752
1.2755000000000001e-10,-0.009297250915433593
1.276e-10,-0.008264381268213128
1.2765e-10,-0.006614214421925161
1.277e-10,-0.004623744027253181
1.2775e-10,-0.0025779825429567437
1.2780000000000001e-10,-0.0007277445842481648
1.2785e-10,0.0007443414382229842
1.279e-10,0.0017447279685189364
1.2795e-10,0.002274086227776587
1.28e-10,0.0024165909780067486
1.2805e-10,0.002315781583905371
1.281e-10,0.0021415200440183147
1.2815e-10,0.0020539010144379464
1.282e-10,0.00217034536590379
1.2825e-10,0.002541478173747732
1.283e-10,0.003139863351668917
1.2835e-10,0.003863490133701701
1.2840000000000002e-10,0.004553432032516878
1.2845e-10,0.005022723319222164
1.285e-10,0.005091601637298313
1.2855e-10,0.004623152245389042
1.286e-10,0.003553240044560588
1.2865000000000002e-10,0.0019094583217651785
1.287e-10,-0.00018447047981623866
1.2875e-10,-0.0025201023029489773
1.288e-10,-0.00483020692996504
1.2885e-10,-0.006825575103941302
1.2890000000000001e-10,-0.008237208487425998
1.2895e-10,-0.008857410407865168
1.29e-10,-0.008573308550270213
1.2905e-10,-0.007387371457239259
1.291e-10,-0.00542138105528468
1.2915000000000001e-10,-0.002902808497760069
1.292e-10,-0.00013523149475347677
1.2925e-10,0.0025430868797043094
1.293e-10,0.004806452041613576
1.2935e-10,0.006387827480810508
1.2940000000000001e-10,0.007116830787149535
1.2945e-10,0.006943835737596943
1.295e-10,0.005946409623530109
1.2955e-10,0.004316944740336133
1.296e-10,0.0023331774756482687
1.2965e-10,0.00031589717382066884
1.297e-10,-0.0014198701473852806
1.2975e-10,-0.0026128693007976423
1.298e-10,-0.003095534488965182
1.2985e-10,-0.0028196972930330626
1.299e-10,-0.0018640599859507808
1.2995e-10,-0.00042213682298285893
1.3000000000000002e-10,0.0012276856559265187
1.3005e-10,0.0027655925393868883
1.301e-10,0.0038808225963034826
1.3015e-10,0.00432158996610946
1.302e-10,0.003936849525957359
1.3025000000000002e-10,0.0027034554828148237
1.303e-10,0.0007343870793748553
1.3035e-10,-0.0017334938778779526
1.304e-10,-0.004370645800904493
1.3045e-10,-0.0068006610257466855
1.3050000000000001e-10,-0.008654126842817297
1.3055e-10,-0.009622716652281467
1.306e-10,-0.00950559170428793
1.3065e-10,-0.008241261909255435
1.307e-10,-0.005920137038859292
1.3075000000000001e-10,-0.0027757902204653836
1.308e-10,0.0008439586724648818
1.3085e-10,0.004522107706239494
1.309e-10,0.007827322291796899
1.3095e-10,0.010370810403979615
1.31e-10,0.011857207448053346
1.3105e-10,0.01212236807281658
1.311e-10,0.011152904592271936
1.3115e-10,0.009084988822205922
1.312e-10,0.006182944494889563
1.3125e-10,0.0028010527669837613
1.313e-10,-0.0006656536354928128
1.3135000000000002e-10,-0.0038343637661234025
1.314e-10,-0.006383608388356054
1.3145e-10,-0.008091660558805966
1.315e-10,-0.008859108105853379
1.3155e-10,-0.008712969303622833
1.3160000000000002e-10,-0.00779254088962301
1.3165e-10,-0.006319891759478397
1.317e-10,-0.0045601344555154435
1.3175e-10,-0.002777990525253965
1.318e-10,-0.0011975174280214392
1.3185000000000002e-10,2.885268481253696e-05
1.319e-10,0.0008374698005520134
1.3195e-10,0.001254651868954926
1.32e-10,0.001382353993297261
1.3205e-10,0.0013712763267752343
1.3210000000000001e-10,0.0013863543961252851
1.3215e-10,0.0015707422766698257
1.322e-10,0.002014566098276937
1.3225e-10,0.0027338731042976343
1.323e-10,0.0036634710263206685
1.3235000000000001e-10,0.004665023236577708
1.324e-10,0.005549210585117067
1.3245e-10,0.006108400182700301
1.325e-10,0.006154455194090652
1.3255e-10,0.005555370121744183
1.326e-10,0.004264480811692401
1.3265e-10,0.002337075620149471
1.327e-10,-6.883799968833312e-05
1.3275e-10,-0.002708376004244274
1.328e-10,-0.005280346037982916
1.3285e-10,-0.00746826016832647
1.329e-10,-0.00898574385851271
1.3295000000000002e-10,-0.009619443462368472
1.33e-10,-0.009262748470634328
1.3305e-10,-0.00793490402337205
1.331e-10,-0.005782212998982984
1.3315e-10,-0.003060698352908223
1.3320000000000002e-10,-0.00010241008627277404
1.3325e-10,0.0027299144188339505
1.333e-10,0.005093284788088638
1.3335e-10,0.00671256415964233
1.334e-10,0.0074190720612622085
1.3345000000000001e-10,0.00717384769128044
1.335e-10,0.006071978257408501
1.3355e-10,0.004327207021014936
1.336e-10,0.002238993689666647
1.3365e-10,0.00014685814419652626
1.3370000000000001e-10,-0.0016212087233921735
1.3375e-10,-0.00279853808125675
1.338e-10,-0.0032202650313159008
1.3385e-10,-0.0028483340294241173
1.339e-10,-0.0017771531054994554
1.3395000000000001e-10,-0.00021891430450569793
1.34e-10,0.0015293405760711894
1.3405e-10,0.0031320591903159947
1.341e-10,0.004268012564138459
1.3415e-10,0.0046816777680402195
1.342e-10,0.0042253741507658595
1.3425e-10,0.0028856792373084
1.343e-10,0.0007899501711446117
1.3435e-10,-0.0018082849494905457
1.344e-10,-0.0045631611824167966
1.3445e-10,-0.00708475797622374
1.345e-10,-0.008994871961006914
1.3455000000000002e-10,-0.00998217136300435
1.346e-10,-0.00984866464301856
1.3465e-10,-0.008540650751360694
1.347e-10,-0.006159562826144111
1.3475e-10,-0.0029510380826035846
1.3480000000000002e-10,0.0007262895698966421
1.3485e-10,0.004447839942567882
1.349e-10,0.007779268115304128
1.3495e-10,0.010333781656148507
1.35e-10,0.01182249300945037
1.3505000000000001e-10,0.012090787811058034
1.351e-10,0.011135788244704448
1.3515e-10,0.00910278615647793
1.352e-10,0.0062615919404859005
1.3525e-10,0.002966632984518189
1.3530000000000001e-10,-0.00039308775357256256
1.3535e-10,-0.003446728207895675
1.354e-10,-0.00588938842137733
1.3545e-10,-0.00751822365569258
1.355e-10,-0.008252098032108681
1.3555e-10,-0.008132586886664446
1.356e-10,-0.007307008244031288
1.3565e-10,-0.005996866715587746
1.357e-10,-0.004457215988038805
1.3575e-10,-0.002933672099280812
1.358e-10,-0.0016239638854430802
1.3585e-10,-0.0006499818562923147
1.3590000000000002e-10,-4.4442208362841824e-05
1.3595e-10,0.0002461800053744535
1.36e-10,0.00034348038811660825
1.3605e-10,0.0004072315401931861
1.361e-10,0.0005991672920531527
1.3615000000000002e-10,0.001046841437568226
1.362e-10,0.0018139075263922545
1.3625e-10,0.002882081934738835
1.363e-10,0.004148108592200838
1.3635e-10,0.005436551160011352
1.3640000000000001e-10,0.006526595163612524
1.3645e-10,0.007188671528532861
1.365e-10,0.007224995692918329
1.3655e-10,0.006507333087260777
1.366e-10,0.005005586605011772
1.3665000000000001e-10,0.002802121471332955
1.367e-10,8.890102621553171e-05
1.3675e-10,-0.002852826925367041
1.368e-10,-0.005687792708312839
1.3685e-10,-0.008071992816271302
1.3690000000000001e-10,-0.009701379204007956
1.3695e-10,-0.010356623562070311
1.37e-10,-0.00993705105555608
1.3705e-10,-0.008478333140018605
1.371e-10,-0.00615088335519685
1.3715e-10,-0.0032387631443994615
1.372e-10,-0.00010184413107760782
1.3725e-10,0.0028734602380889795
1.373e-10,0.005327784019947196
1.3735e-10,0.006978865557466503
1.374e-10,0.007660652450371498
1.3745e-10,0.007345594527310436
1.3750000000000002e-10,0.006146723500623147
1.3755e-10,0.004299112769666997
1.376e-10,0.0021233932073267607
1.3765e-10,-2.3294489274396213e-05
1.377e-10,-0.0018016146909475967
1.3775000000000002e-10,-0.0029414912855622853
1.378e-10,-0.0032829596185651078
1.3785e-10,-0.0028002264711177874
1.379e-10,-0.0016052415504806536
1.3795e-10,6.985266090480741e-05
1.3800000000000001e-10,0.0019088499031768025
1.3805e-10,0.003560833767245029
1.381e-10,0.004695379243419064
1.3815e-10,0.005055299387590162
1.382e-10,0.004498948392553536
1.3825000000000001e-10,0.0030256045339949493
1.383e-10,0.0007799445950967716
1.3835e-10,-0.0019652837281741945
1.384e-10,-0.004846044278944181
1.3845e-10,-0.007457999819586805
1.385e-10,-0.00941432320902833
1.3855e-10,-0.010401910131124653
1.386e-10,-0.010227775651509527
1.3865e-10,-0.00884883633870773
1.387e-10,-0.006380701903519935
1.3875e-10,-0.0030841637416701762
1.388e-10,0.0006686839741941182
1.3885000000000002e-10,0.0044438044137289495
1.389e-10,0.007802956393334004
1.3895e-10,0.010361549343603504
1.39e-10,0.01183841780357804
1.3905e-10,0.012090586317213195
1.3910000000000002e-10,0.011128368041297573
1.3915e-10,0.00910906912643463
1.392e-10,0.006310712419609313
1.3925e-10,0.0030900767644404946
1.393e-10,-0.00016845581734223943
1.3935000000000002e-10,-0.0031055635053062656
1.394e-10,-0.005433458945281213
1.3945e-10,-0.006969612914828213
1.395e-10,-0.007653270052305415
1.3955e-10,-0.007543034087987186
1.3960000000000001e-10,-0.006796737591673988
1.3965e-10,-0.005637497614863211
1.397e-10,-0.004311883484366466
1.3975e-10,-0.0030471826515049024
1.398e-10,-0.002014693745785943
1.3985000000000001e-10,-0.0013048265060164085
1.399e-10,-0.0009177397868002389
1.3995e-10,-0.0007706340200595611
